recipe_name,ingredients,calories,protein,fat,carbohydrates
Prince Go√ªt Chocolat,"C√©r√©ale 50,7 % (farine de BL√â 35 %, farine de BL√â compl√®te 15,7 %), sucre, huiles v√©g√©tales (palme, colza), cacao maigre en poudre 4,5 %, sirop de glucose, amidon de BLE, poudre √† lever (carbonate acide d'ammonium, carbonate acide de sodium, diphosphate disodique), √©mulsifiants (l√©cithine de SOJA, lecithine de tournesol), sel, LAIT √©cr√©m√© en poudre, lactose et prot√©ines de LAIT, ar√¥mes. PEUT CONTENIR OEUF.",467.0,6.3,17.0,69.0
Excellence Noir Prodigieux 90% Cacao,"P√¢te de cacao, beurre de cacao, cacao maigre, sucre, vanille.",592.0,10.0,55.0,14.0
Tonik,"Coffret fourr√© au cacao (41,6%) et √† la vanille (208) - Ingr√©dients Farine de bl√©, sucre, huile v√©g√©tale non hydrog√©n√©e (huile de palme), filtrat de lait, poudre de cacao √âmulsifiant √† faible teneur en cacao (322) L√©cithine de soja) Agent levant (5000) Sucre artificiel (vanilline) Sel Contient du lait, du bl√© (gluten) du soja",504.0,4.35,22.2,71.7
S√©same,"Farine de bl√© 57%, sucre de canne roux, huile de colza, s√©same toast√© 10,6%, germe de bl√© 5,4%, farine compl√®te de bl√© 5,4%, ar√¥me naturel, magn√©sium, √©mulsifiant : l√©cithines, poudres √† lever (tartrates de potassium, carbonates de sodium, carbonates d'ammonium), sel de mer, amidon de bl√©, vitamines (E, PP, B6, B1, B9).",467.0,10.0,18.0,64.0
Henry‚Äôs,"Farine de froment, sucre, graisse v√©g√©tale, sucre inverti, agents levants ( bicarbonate d'ammonium - bicarbonate de sodium), sel, arome.",440.0,7.6471,10.8235,76.4706
Organic 70% Dark Chocolate Bar,"cocoa mass #, cane sugar #, cocoa butter #, vanilla extract #, may contain nuts, milk,",580.0,9.1,42.0,36.0
KING COOKIES,ÿØŸÇŸäŸÇÿßŸÑŸÇŸÖÿ≠ÿåÿ±ŸÇÿßÿ¶ŸÇ ÿßŸÑÿ¥ŸàŸÉŸàŸÑÿßÿ™Ÿá20%[ÿπÿ¨ŸäŸÜÿ© ÿ≤Ÿäÿ™ ÿßŸÑŸÜÿÆŸÑÿ©.ÿßŸÑŸÉÿßŸÉÿßŸàÿåÿ≥ŸÉÿ±ÿåÿØŸÉÿ≥ÿ™ÿ±Ÿàÿ≤ Ÿà ŸÖÿ≥ÿ™ÿ≠ŸÑÿ®,483.0,5.2,24.0,61.5
Sable coco Henry s 42g,"Farine de _froment_, sucre, graisse v√©g√©tale, noix de coco r√¢p√©e, poudre de _lait_, poudre de _lactos√©rum_, sucre inverti, agents levants (bicarbonate d'ammonium - bicarbonate de Sodium), sel, ar√¥mes.",443.0,7.62,12.4,73.8
Tartine croustillante Authentique,"Farine compl√®te de SEIGLE (77 g*), farine de SEIGLE (28 g*), levure, sel. Peut contenir des traces de LUPIN, LAIT, MOUTARDE, GRAINES DE S√âSAME et SOJA. *en g pour 100 g de produit.",336.0,9.0,1.5,62.0
Excellence Noir Intense 70% Cacao,"P√¢te de cacao, sucre, beurre de cacao, vanille.

Peut contenir des fruits √† coque, du lait, du soja et des graines de s√©same.",566.0,9.5,41.0,34.0
Lightly Sea Salted,"Potatoes, sunflower oil, sea salt. May contain Milk.",476.0,6.2,27.0,49.0
Dark chocolate,"p√¢te de cacao*, beurre de cacao*, cacao maigre en poudre*, sucre de canne*, extrait de vanille*, * ingr√©dients issus de l'agriculture biologique",607.0,10.0,50.0,24.0
Excellence Noir Puissant 85% Cacao,"P√¢te de cacao, cacao maigre, beurre de cacao, cassonade, vanille.

Peut contenir du lait, des fruits √† coque, du soja et des graines de s√©same.",584.0,12.5,46.0,22.0
Fourr√©s Chocolat Noir,"Farine de bl√©* 39%, Chocolat noir* 25% (p√¢te de cacao*, sucre de canne*, beurre de cacao*) Sucre de canne* roux non raffin√©,  Farine compl√®te de bl√©* 15%, Huile de tournesol ol√©ique*,  Ar√¥me naturel de vanille,  Lait* √©cr√©m√© en poudre, Sel de mer, Poudres √† lever: carbonates d'ammonium, carbonates de sodium √âpaississant: gomme d'acacia* Antioxydant: extraits de romarin* Peut contenir des traces de soja, d'≈ìufs, de fruits √† coque, de graines de s√©same et de moutarde.",481.0,7.6,20.0,65.0
Extra dark chocolate 74% cacao,"cocoa mass, sugar, cocoa butter, fat reduced cocoa powder, emulsifier: lecithins (soya), natural vanilla flavouring, dark chocolate contains: cocoa solids 74% minimum,",571.0,9.9,42.0,32.0
Henry‚Äôs,"farine de froment, sucre, Graisse v√©g√©tale , Sucre inverti, Agents levants (Bicarbonate d'ammonium, Bicarbonate de sodium), ar√¥me vanille",440.0,7.65,10.8,76.5
Momo black,"Farine de bl√©, sucre, huile v√©g√©tale hydrog√©n√©e (palme), cacao en poudre (3,4%), r√©gulateur d'acidit√© (acide citrique (E330), acide tartrique (E334)), poudre √† lever (bicarbonate d'ammonium et bicarbonate sodium), √©mulsifiant v√©g√©tal (l√©cithine de soja (E322)) et sel.",497.0,7.0,21.0,70.0
Excellence 70% Cocoa Intense Dark,"Cocoa mass, sugar, cocoa butter, vanilla.",566.0,9.5,41.0,34.0
Eyoo cover,"Sucre, Farine de bl√© tendre, Graisses v√©g√©tales (Palme, Karit√©), Cacao en poudre, Sirop de glucose, Amidon de ma√Øs, Poudre de lait, Poudre de lactos√©rum, Lait entier en poudre, Masse de cacao, Poudre √† lever (Bicarbonate de sodium et d'ammonium), Sel, Emulsifiant (L√©cithine de soja (E322), et Vaniline.",452.0,6.0,23.0,55.0
Tartines craquantes au sarrasin imp,"Farine de sarrasin*, sucre de canne blond**, cacao en poudre** (6,3%). *issu de l'agriculture biologique. **ingr√©dients biologiques issus du Commerce √âquitable.",388.0,13.4,2.8,75.0
Pomme üçè üçé Noisetteü•ú,"Farine de _bl√©_ 68,5 %, huile de colza, sirop de sucres issu de fruits, jus concentr√© de pomme 5,3 %, _noisettes_ torr√©fi√©es 5,3 %, germe de _bl√©_ 5,2 %, fibres de chicor√©e: fructose-oligo-saccharides, extrait de malt d'_orge_, ar√¥me naturel de pomme, √©mulsifiant : l√©cithines de colza, amidon de _bl√©_ , poudres √† lever (tartrates de potassium, carbonates de potassium), vitamines B1, B2, B6, B9, PP et E,",453.0,9.8,17.0,62.0
Trios,"Ma√Øs, huile et/ou graisse v√©g√©tale, ar√¥mes, sel et colorant",534.0,5.2,32.1,54.0
Dark Chocolate 70%,"Cocoa Mass, Sugar, Cocoa Butter, Emulsifier: Soya Lecithins, Vanilla Extract.",565.0,8.4,41.5,33.8
Nutella,"Sugar, Palm oil, Hazelnuts, Skimmed milk powder, Low-fat cocoa, Emulsifier: Lecithins (SOY), Vanillin.",539.0,6.3,30.9,57.5
Pringles Original,"Pommes de terre d√©shydrat√©es, huiles v√©g√©tales (tournesol, palme, mais) en proportion variable, farine de bl√©, farine de mais, farine de riz, maltodextrine, √©mulsifiant (E471), sel, colorant (norbixine de rocou).",534.0,5.9,31.0,56.0
Crunchy oats & honey,"whole grain oat flakes (60%),sugar, refined sunflower oil, honey (3%), salt, cane molasses, emulsifier (sunflower lecithin), gasifier (sodium acid carbonate),",467.0,8.57,18.1,64.3
Figue & son,"Farine compl√®te de bl√© 26,5%, farine de bl√© 26,1%, son de bl√© 19,9%, huile de colza, sucre de canne roux, p√¢te de figues 5,1%, ar√¥me naturel de figue, ar√¥me naturel, √©mulsifiant : l√©cithines de colza, poudres √† lever (acide citrique, carbonates de potassium, carbonates de sodium).",450.0,9.3,19.0,54.0
Bitter Extra Kraftig,"Kakaomasse, fettarmes Kakaopulver, Kakaobutter . Kann Schalenfr√ºchte, Milch und Soja enthalten.",565.0,14.0,49.0,9.0
Nestl√© Dessert,"Sucre, p√¢te de cacao (Afrique de l'Ouest, Am√©rique du Sud), beurre de cacao, √©mulsifiant (l√©cithine), ar√¥me naturel de vanille de Madagascar. Cacao : 53% minimum. Peut contenir : LAIT, FRUITS A COQUE.",548.0,6.0,34.1,50.7
Petit beurre,"Farine de bl√©, Sucre, Beurre 11%, Fins √©clats de caramel (Sucre, Lait √©cr√©m√© en poudre), Huiles v√©g√©tales hydrog√©n√©e (Palme), Amidon, ≈íufs entier liquide pasteuris√©, Lait √©cr√©m√© en poudre, Sirop de sucre inverti, poudres √† lever (Pyrophosphate acide de sodium, Bicarbonates de sodium, Bicarbonates d'ammonium), sel, √©mulsifiant (l√©cithines de soja), ar√¥me (vanilline). *Contient: Bl√© (c√©r√©ales contenant du gluten), ≈ìufs, soja et lait.",424.0,5.71,15.35,65.7
Pains au lait x10,"Farine de _bl√©_ 43%, Levain 21% (Farine de _bl√©_ 11%, Eau, Sel), Sucre, _≈íufs_ frais 11%, _Beurre_ p√¢tissier, Huile de colza, Levure, _Lait_ √©cr√©m√© en poudre (√âquivalent √† 10% de lait √©cr√©m√© reconstitu√©), √âmulsifiant: mono et diglyc√©rides d'acides gras, Sel, Prot√©ines de _bl√©_, _Gluten_ de bl√©, Extrait de carotte, Agent de traitement de la farine : acide ascorbique, Prot√©ines de _lait_",353.0,8.6,11.0,55.0
Chocolat au lait,"Sucre, Beurre de cacao, p√¢te de cacao, Lait √©cr√©m√© en poudre, lactos√©rum en poudre (Lait), Beurre concentr√©, √âmulsifiant (L√©cithine de soja), P√¢te de noisette, Ar√¥me naturel",539.0,6.5,31.0,57.0
Brioche Tranch√©e Bio 400g,"Farine de BL√â*/** 54%, ≈íUFS entiers*/** 14%, sucre de canne roux*, huile de tournesol*/** 8%, levain* (eau, farines de BL√â*/** 2% et de SEIGLE*, levures), GLUTEN DE BL√â*, sel, levure, ar√¥me naturel de vanille* (contient alcool*), extrait de vanille*, levure d√©sactiv√©e. Traces √©ventuelles de lait, moutarde et soja. *Ingr√©dients issus de l'Agriculture Biologique. **Ingr√©dients issus du commerce √©quitable fran√ßais.",336.0,8.8,9.4,52.0
Granatapfel Sauerkirsche Fruchtgummi,"Weizenmehl, Wasser, 3% Kartoffelflocken, Roggenmehl, Salz, Hefe, S√§ureregulator: Natriumacetate; Weizenmalzmehl, Alkohol. Kann Spuren von Soja, Milch, Senf und Sesam enthalten.",138.0,2.88,1.84,27.2
Fruit & Nut Mix,"25% walnuts, 25% almonds, 25% sultanas raisins (24,9% sultanas raisins, sunflower oil), 25% cranberry preparation (15% cranberries, 9,8% sugar, sunflower oil),",504.0,10.8,31.8,40.5
Doux 70% noir subtil,"cocoa mass, sugar, cocoa butter, emulsifier (soya lecithin), vanilla, may contain hazelnuts, almonds, milk,",610.0,6.9,48.0,33.0
La g√¢che tranch√©e,"Farine de bl√© 52%, sucre, beurre frais 10%, ≈ìufs entiers frais 8%, eau, cr√®me fra√Æche 3%, sel, ar√¥mes naturels (alcool), levure, gluten de bl√©, eau de vie, √©mulsifiant (E471), prot√©ines de lait, levure d√©sactiv√©e, b√©ta carot√®ne",341.0,8.1,12.0,49.0
Sour Cream & Onion,"Dehydrated potatoes, vegetable oils Conflower, corn), rice flour, wheat starch, corn flour, sour cream & onion flavour wheat starch, flavour enhancers (monosodium glutamate, disodium guanylate, disodium inosinate}, onion powder, maltodextrin, salt, dextrose, sunflower oil, sugar, sweet whey powder (milk), potato starch, modified maize starch, acids (citric acid, lactic acid, malic acid), sour cream powder (milk)*, natural and nature identical flavourings onion powder and sour cream yeast extract, glucose syrup, four), emulsifier (E471) colour (annatto). milk.",525.0,7.5,32.5,52.5
Chocolat Noir 92% cacao,"P√¢te de cacao, cacao en poudre d√©graiss√©, beurre de cacao, sucre, lait en poudre, p√¢te de amandes et de noisettes, √©mulsifiants (l√©cithines (soja, tournesol)) et ar√¥me.",580.0,15.0,49.0,14.0
Biscoff Creamy,"speculoos 58% (wheat flour, sugar, vegetable oils (palm oil, rapeseed oil), golden syrup, baking powder (sodium acid carbonate), soy flour, salt, cinnamon, rapeseed oil, sugar, emulsifier (soy lecithin), acidifier (citric acid)",584.0,2.9,38.1,57.0
Granola,"Farine de BL√â 36%, chocolat au LAIT 27 % [sucre, p√¢te de cacao, beurre de cacao, lactos√©rum en poudre (de LAIT), LAIT √©cr√©m√© en poudre, graisses v√©g√©tales (karit√©, palme en proportion variable), BEURRE concentr√©, √©mulsifiants (l√©cithines de SOJA, E476), lactose (de LAIT), ar√¥me], huile de palme, farine compl√®te de BLE 12 %, sucre, sirop de sucre, poudres √† lever (carbonates de sodium, carbonates d'ammonium), sel, correcteur d'acidit√© (acide citrique).

Peut contenir : fruits √† coque.",491.0,5.9,23.0,62.0
Cracotte C√©r√©ales Compl√®tes,"C√©r√©ales 98,5 % (farine compl√®te de bl√© 66,2 %, farine de seigle 12,1 %, farine de bl√© 10,1 %, farine de riz 3,2 %, farine de bl√© malt√© 2,1 %, farine de sarrasin 1,6 %, farine d'orge 1,6 %, semoule de bl√© 1,6 %), sucre, lactos√©rum en poudre (de lait), sel, huile de palme, germes de bl√©. Peut contenir soja, s√©same.",377.0,11.0,3.1,73.0
2 Bars Milk and Hazelnuts,"_MILK_ chocolate 31.5% (sugar, cocoa butter, cocoa mass, skimmed _MILK_ powder, concentrated _BUTTER_, emulsifier: lecithins (_SOYA_), vanillin), sugar, palm oil, _WHEAT_ flour, _HAZELNUTS_ (10.5%), skimmed _MILK_ powder, whole _MILK_ powder, chocolate (sugar, cocoa mass, cocoa butter, emulsifier: lecithins (_SOYA_), vanillin), fat-reduced cocoa, emulsifier: lecithins (_SOYA_), raising agents (sodium bicarbonate, ammonium bicarbonate), salt, vanillin.",572.0,8.6,37.3,49.5
Ecuador dark chocolate,"Cocoa Mass, Sugar, Cocoa Butter, Flavouring,",590.0,7.0,45.0,35.0
Chips,"select potatoes, sunflower oil, sea salt. gluten-free.",494.0,7.7,25.4,56.7
Pringles Sare,"cartofi deshidratati, uleiuri vegetale (floarea soarelui), faina de gr√¢u, fƒÉinƒÉ de orez, fƒÉinƒÉ de porumb, emulsificator (E471), maltodextrina, sare, colorant annatto norbixinƒÉ",530.0,6.1,31.0,55.0
Henry's Sable Coco Biscuit 85G,"Farine de froment, sucre, sucre inverti, noix de coco, poudre de lait, lactos√©rum, sel, agents levants (bicarbonate d'ammonium, bicarbonate de sodium), ar√¥me coco, graisse v√©g√©tale.",376.5,6.5,10.5,63.0
Cracotte,"C√©r√©ales 98 % (farine de bl√© 97,5 %, farine de seigle 0,5 %), lait √©cr√©m√© en poudre, sucre, sel, huile de palme, min√©ral (pyrophosphate ferique).",387.0,11.0,2.7,78.0
Biscuit raisins,"Farine de bl√© 60,1%, huile de colza, sucre de canne roux, p√¢te de raisins 6,9%, germe de bl√© 5,1%, amidon de bl√©, raisins secs 2,8%, fibres de bl√©, magn√©sium, √©mulsifiant : l√©cithines de colza, ar√¥me naturel, poudres √† lever (tartrates de potassium, carbonates de sodium), vitamines B1, B6, B9, D et E.",441.0,8.3,14.0,68.0
Nutri+ avoine chocolat,"Flocons d'avoine* 31%, farine de bl√©*, huile de colza*, sucre roux de canne*, p√©pites de chocolat noir* 9% (sucre de canne*, p√¢te de cacao*, beurre de cacao*), billes de riz* souffl√© (farine de riz*, sel), fibres d'acacia*, poudres √† lever :carbonates d'ammonium, carbonates de sodium, extrait de cacao*, cacao* maigre en poudre, jaune d'≈ìuf* en poudre, sel marin, antioxydant: extraits de romarin*. Ingr√©dients biologiques.",454.0,8.2,18.0,61.0
Biscuits go√ªt chocolat,"C√©r√©ales [farine de froment (33%), c√©r√©ales compl√®tes (15,1%) (farine compl√®te de froment (15%), farine compl√®te de seigle, farine compl√®te d'orge)]- sucre - mati√®res grasses v√©g√©tales (palme, palmiste, colza) - cacao maigre (4,7%) - amidons (bl√©) - sirop de glucose - poudres √† lever carbonates d'ammonium et de sodium - sel - lait √©cr√©m√© en poudre perm√©at de lactos√©rum en poudre (lait) - √©mulsifiant : lecithines de tournesol - ar√¥mes. Peut contenir des traces de fruits √† coque",463.0,6.5,17.0,69.0
digestives,"Flour (55%) (Wheat Flour, Calcium, Iron, Niacin, Thiamin), Vegetable Oil (Palm), Wholemeal Wheat Flour (16%), Sugar, Partially Inverted Sugar Syrup, Raising Agents (Sodium Bicarbonate, Malic Acid, Ammonium Bicarbonate), Salt. For allergens, including cereals containing gluten, see ingredients in bold. May also contain Milk. BY APPOINTMENT TO HER MAJESTY THE QUEEN BISCUIT MANUFACTURERS UNITED BISCUITS (UIO LIMITED, LONDON FOR SUITABLE FEGETARIAN V Suitable for Vegans 360a4",483.0,7.0,21.3,63.6
Harrys brioche tressee nature au sucre perle sans additifs 500g,"Farine de BL√â 51,8%, eau, OEUFS frais 12,2%, sucre 11,5%, huile de colza 10,8%, sucre perl√© 2,3% (sucre, graisse v√©g√©tale : karit√©, ar√¥me), gluten de BL√â, ar√¥mes dont fleur d'oranger (contient alcool), extraits v√©g√©taux √† pouvoir colorant (curcuma, paprika), levure, fibre de BL√â, sel, farine d'ORGE malt√©e, extrait d'ac√©rola. Peut contenir des traces de LAIT, GRAINES DE S√âSAME, FRUITS A COQUE et SOJA.",356.0,8.6,13.0,49.0
Protein Cacahuetesü•ú & Chocolatüç´,"Cacahu√®tes grill√©es (38,6%), prot√©ine isol√©e de soja, oligofructose, sirop de glucose, huiles et graisses v√©g√©tales (palme, karit√©, tournesol, colza), sucre, morceaux de chocolat (4%) (sucre, p√¢te de cacao, beurre de cacao, √©mulsifiant (l√©cithines (soja)), maltodextrine, beurre de cacahu√®tes (1,9%), cacao maigre en poudre, amidon de tapioca, fructose, lactose (lait), humectant (glyc√©rol), √©mulsifiants (l√©cithines (soja)), sel de cuisine, ar√¥me naturel (lait), stabilisant (carbonate de calcium). Allerg√®nes: voir les ingr√©dients en gras. Peut contenir des fruits √† coques. Sans gluten.",490.0,25.7,28.2,27.5
Tartines craquantes quinoa - pois chiche,"Farine de riz*, farine de ch√¢taigne* 25%, sel marin. *Produits issus de l'agriculture biologique",378.0,9.6,1.6,79.0
Lightly Salted Low Fat Corn Cakes,"corn (99.8%), sea salt (0.2%).
May contain sesame.",359.0,6.9,1.38,81.4
Figolu,"Farine de bl√© 34 %, p√¢te de figues 26 %, sucre, huile de palme, sirop de glucose-fructose, sirop de glucose, sirop de sucre partiellement inverti, sel, poudres √† lever (carbonates de sodium, carbonates d'ammonium), correcteur d'acidit√© (acide citrique). Peut contenir lait.",400.0,4.69,8.12,71.9
Sour Cream & Onion,"Pommes de terre d√©shydrat√©es, huiles v√©g√©tales (tournesol, ma√Øs), farine de riz, amidon de BL√â, farine de ma√Øs, assaisonnement cr√®me acidul√©e et oignon (amidon de BL√â, exhausteurs de go√ªt {glutamate monosodique, guanylate disodique, inosinate disodique}, oignon en poudre, maltodextrine, sel, dextrose, sucre, lactos√©rum doux en poudre {LAIT}, f√©cule de pomme de terre, amidon de ma√Øs modifi√©, acidifiants {acide citrique, acide lactique, acide malique}, cr√®me acidul√©e en poudre {LAIT}, ar√¥mes {LAIT}, extrait de levure, sirop de glucose, prot√©ines de LAIT, farine de riz), √©mulsifiant (E471), maltodextrine, sel, colorant (rocou).",525.0,6.0,30.0,56.0
Crunchy avoine et miel,"Avoine compl√®te (60%), sucre, huiles v√©g√©tales (tournesol, colza en proportions variables), miel (3%), sel de cuisine, m√©lasse, √©mulsifiant (l√©cithines), poudre √† lever (bicarbonate de sodium). Allerg√®nes : voir les ingr√©dients en gras. Peut contenir du soja, du bl√©, de l'arachide (cacahu√®tes) et des fruits √† coque.",196.0,3.6,7.6,27.0
Biscuit lait chocolat,"Farine de _bl√©_ 53,2%, sucre de canne roux, huile de colza, p√©pites de chocolat 8,3% (p√¢te de cacao, sucre, beurre de cacao, √©mulsifiant : l√©cithines de _soja_), germe de _bl√©_ 5,5%, farine de _lupin_, _lait_ ferment√© √©cr√©m√© en poudre 2,6%, poudres √† lever (tartrates de potassium, carbonates de sodium, carbonates d'ammonium), fibres d'_avoine_, calcium, magn√©sium, ar√¥me naturel, sel de mer, √©mulsifiant : l√©cithines de colza, amidon de _bl√©_, vitamines (E, B6, B9).",453.0,10.0,17.0,62.0
toffifee,"sugar, vegetable fat (palm, shea), hazelnuts, glucose syrup, skimmed milk powder, humectant sorbitol syrup (e420), cocoa mass, condensed skimmed milk, condensed whey, lactose, fat-reduced cocoa, cocoa butter, butterfat, cane sugar syrup, whey powder (from milk), emulsifier soy lecithin (e322), salt, flavouring,",521.0,6.0,29.0,58.9
Crunchy Avoine & Chocolat Noir x 5 x 2 barres de 21 g,"Avoine compl√®te (55%), sucre, huile de tournesol, p√©pites de chocolat noir (8%) (p√¢te de cacao, sucre, √©mulsifiant : l√©cithine de soja, ar√¥me naturel de vanille), cacao maigre en poudre, miel, sel, m√©lasse, √©mulsifiant : l√©cithine de tournesol, poudre √† lever: bicarbonate de sodium, ar√¥me naturel,",473.0,8.7,19.8,61.5
Cookieüç™ cacao p√©pites Sans Sucre,"Farine de bl√© 47%, √©dulcorant : maltitols, huile de colza, p√©pites de chocolat au maltitol 11,2% (√©dulcorant : maltitols, p√¢te de cacao, √©mulsifiant : l√©cithines de soja, cacao maigre en poudre, ar√¥me naturel de vanille), fibre de bl√©, cacao maigre en poudre 4,2%, son d'avoine, sel de mer, √©mulsifiant : l√©cithines de tournesol, ar√¥me naturel, poudres √† lever (carbonates de sodium, carbonates d'ammonium), √©dulcorant : sucralose.",414.0,8.0,18.0,61.0
Dark milk chocolate,"Dried Whole _Milk_, Cocoa Mass, Cocoa Butter, Sugar.",597.0,9.9,44.6,36.2
petit d√©jeuner miel et p√©pites de chocolat,"C√©r√©ales 59,7 % [c√©r√©ales compl√®tes 39,6 % (farine compl√®te de bl√© 19,8 %, flocons d'avoine 10,6 %, farine compl√®te d'orge 4,9 %, farine compl√®te de seigle 3,3 %, farine compl√®te d'√©peautre (bl√©) 1 %), farine de bl√© 20,1 %1, sucre, huile de colza, p√©pites de chocolat 8,5 % [sucre, p√¢te de cacao, huiles v√©g√©tales (palme et karit√© en proportions variables), dextrose, beurre de cacao, √©mulsifiant (l√©cithines de soja)], miel de fleurs 5 %, sirop de glucose-fructose, min√©raux (carbonate de calcium, carbonate de magn√©sium, fer √©l√©mentaire), poudres √† lever (carbonates de sodium, diphosphates, carbonates d'ammonium), sel, √©mulsifiants (l√©cithines de soja, E472e), ar√¥me, lait √©cr√©m√© en poudre",409.0,5.7,15.0,60.0
Biscuit soja orange,"Farine de _bl√©_ 57,7%, sucre de canne roux, huile de colza, flocons de _soja_ 7%, germe de _bl√©_ 5,4%, oranges d√©shydrat√©es 1,5%, magn√©sium, sucre, amidon de ma√Øs, jus concentr√© de citron, √©mulsifiant : l√©cithines de colza, sel de mer, ar√¥me naturel d'orange, calcium, poudres √† lever : carbonates de sodium, vitamines (E, PP, B5, B6, B1, B9).",444.0,11.0,14.0,66.0
Sabl√©s Anglais L'Original,"Farine (55%) (farine de bl√©, calcium, fer, niacine, thiamine), huile de palme, farine de bl√© compl√®te (16%), sucre, poudres √† lever (carbonates de sodium, acide malique, carbonates d'ammonium), sirop de sucre inverti, sel.

Peut aussi contenir du lait.",483.0,7.0,21.3,63.6
P'tit Nature Complet,"Farine compl√®te de bl√©* 76,8%, Sucre de canne* roux, Huile de colza*, Amidon de bl√©*, carbonates d'ammonium, Sel marin, Ar√¥me naturel de vanille, extraits de romarin.",416.0,7.6,10.0,70.0
Excellence Noir Cors√© 78% Cacao,"P√¢te de cacao, beurre de cacao, sucre, cacao maigre, beurre laitier concentr√©.

Peut contenir des noisettes, des amandes et d'autres fruits √† coque, du lait, du soja.",576.0,10.0,46.0,24.0
–ö–∞—Ä—Ç–æ—Ñ–µ–ª—å–Ω—ã–µ —á–∏–ø—Å—ã —Å–æ –≤–∫—É—Å–æ–º –ø–∞—Ä–∏–∫–∏,"Patatas deshidratadas, aceite de girasol, harina de _trigo_, harina de ma√≠z, harina de arroz, condimento a base de piment√≥n (az√∫car, piment√≥n en polvo, potenciadores del sabor (glutamato de monosodio, guanilato dis√≥dico, inosinato dis√≥dico), dextrosa, levadura en polvo, cebolla en polvo, sal, caldo granulado (sal, prote√≠na vegetal hidrolizada, aceite de girasol), aromas, ajo en polvo, colorante (extracto de piment√≥n), acidulante (√°cido c√≠trico), suero de leche dulce en polvo (_leche_)), maltodextrina, emulgente (E471), sal, colorante (norbixina de annato).",515.0,6.7,29.0,55.0
Brioche moins de sucre,"Farine de BL√â 52,5%, eau, OEUFS frais 9%, huile de colza, sucre 8,5%, ar√¥me (contient alcool), fibres (BL√â, AVOINE), gluten de BL√â, levure, sel, extraits v√©g√©taux √† pouvoir colorant (curcuma, paprika), extrait d'ac√©rola. Peut contenir des traces de LAIT, SOJA, FRUITS A COQUE, GRAINES DE S√âSAME.",327.0,8.4,11.0,45.1
Chocolat monogram,"P√¢te de cacao, beurre et poudre de cacao, sucre, √©mulsifiant: l√©cithine de soja (E322), ar√¥me vanille.",528.0,5.0,30.0,56.0
Lentil & Pea Veggie Cakes - Beetroot & Balsamic,"Lentil Flour 76%, Rapeseed Oil, Beetroot, Balsamic Seasoning 7.2% (Sugar, Salt, Onion, Natural Flavour, Beetroot Red 8%, Garlic, Black Pepper, Balsamic Vinegar 0.7%), Green Peas 5.7%",424.0,25.0,12.0,51.0
Fourr√©s Chocolat Au Lait,"Farine De Bl√© 39%, Chocolat Au Lait 25% Sucre De Canne Roux Non Raffin√© 10%, Beurre De Cacao, Lait Entier En Poudre, P√¢te De Cacao, Sucre De Canne Roux Non Raffin√© 16%, Farine Compl√®te De Bl√© 15%, Huile De Tournesol Ol√©ique, Ar√¥me Naturel De Vanille, Lait √âcr√©m√© En Poudre, Sel De Mer Non Raffin√©, Poudres √Ä Lever : Carbonates Dammonium, Carbonates De Sodium √âpaississant : Gomme Dacacia Antioxydant : Extrait De Romarin.
peut Contenir Des Traces De Soja, D≈ìufs, De Fruits √Ä Coque, De Graines De S√©same Et De Moutarde.",486.0,7.5,20.0,67.0
Pringles,PRINGLES ORIGINAL 40 g,534.0,5.9,31.0,56.0
Chocolate Negro,"ŸÖŸÉŸàŸÜÿßÿ™ / INGREDIENTES / INGR√âDIENTS Chocolate negro 85% cacao, Ingredientes: Pasta de cacao, cacao desgrasado en polvo, az√∫car, manteca de cacao, leche en polvo, pasta de almendras y avellanas, emulgentes (lecitinas (soja, girasol)), y aroma, Cacao 85% m√≠nimo, Puede contener trazas de otros frutos de c√°scara, Conservar el producto en lugar fresco, seco y carente de olores,Temperatura √≥ptima de conservaci√≥n: 18¬∞C, Chocolat noir 85% cacao, Ingr√©dients : P√¢te de cacao, cacao en poudre d√©graiss√©, sucre, beurre de cacao, lait en poudre, p√¢te de amandes et de noisettes, √©mulsifiants (l√©cithines (soja, toumeso!)) et ar√¥me, Cacao 85% minimum, Peut contenir des traces d'autres fruits √† coque, Conserver le produit dans endroit frais, sec et sans odeur,Temp√©rature optimale de conservation: 18¬∞C, ÿ¥ŸàŸÉŸàŸÑÿßÿ™ÿ© ÿØÿßŸÉŸÜÿ© ÿØÿßÿ±ŸÉ % 85% ŸÉÿßŸÉÿßŸà ÿßŸÑŸÖŸÉŸàŸÜÿßÿ™ ÿπÿ¨ŸäŸÜÿ© ÿßŸÑŸÉÿßŸÉÿßŸà ŸÖÿ≥ÿ≠ŸàŸÇ ÿßŸÑŸÉÿßŸÉÿßŸà ÿßŸÑÿÆÿßŸÑŸä ŸÖŸÜ ÿßŸÑÿØÿ≥ŸÖÿå ÿ≤ÿ®ÿØÿ© ÿßŸÑŸÉÿßŸÉÿßŸàÿå ÿ≥ŸÉÿ±ÿå ŸÖÿ≥ÿ≠ŸàŸÇ ÿßŸÑÿ≠ŸÑŸäÿ® ÿπÿ¨ŸäŸÜÿ© ÿßŸÑŸÑŸàÿ≤ Ÿà ÿßŸÑÿ®ŸÜÿØŸÇ ŸÖÿ≥ÿ™ÿ≠ŸÑÿ®ÿßÿ™ ŸÑÿ≥ÿ™ŸäŸÜ ( ÿßŸÑÿµŸàÿ¨ÿßÿå ÿπÿ®ÿßÿØ ÿßŸÑÿ¥ŸÖÿ≥)) ŸÜŸÉŸáÿßÿ™, ÿßŸÑŸÉÿßŸÉÿßŸà 85% ÿßŸÑÿ≠ÿØ ÿßŸÑÿ£ÿØŸÜŸâ ŸÅŸä ÿßŸÑÿ¥ŸÉŸàŸÑÿßÿ™ÿ©, ŸÇÿØ Ÿäÿ≠ÿ™ŸàŸä ÿπŸÑŸâ ÿ¢ÿ´ÿßÿ± ŸÅŸàÿßŸÉŸá ÿ¨ÿßŸÅÿ© ÿ£ÿÆÿ±Ÿâ, Ÿäÿ≠ŸÅÿ∏ ÿßŸÑŸÖŸÜÿ™ÿ¨ ŸÅŸä ŸÖŸÉÿßŸÜ ÿ®ÿßÿ±ÿØ Ÿàÿ¨ÿßŸÅ ŸàÿÆÿßŸÑŸä ŸÖŸÜ ÿßŸÑÿ±Ÿàÿßÿ¶ÿ≠ ÿØÿ±ÿ¨ÿ© ÿ≠ÿ±ÿßÿ±ÿ© ÿßŸÑÿ™ÿÆÿ≤ŸäŸÜ ÿßŸÑŸÖÿ´ŸÑŸâ: 18 ÿØÿ±ÿ¨ÿ© ŸÖÿ¶ŸàŸäÿ©, Informaci√≥n nutricional / Information nutritionnelle / ŸÖÿπŸÑŸàŸÖÿßÿ™ ÿ∫ÿ∞ÿßÿ¶Ÿäÿ© Por / Pour Por porci√≥n / % IR por 10g porci√≥n*/ 100g",569.0,14.0,47.0,17.0
180G C OR NOIR NOISETTE,"Sucre, p√¢te de cacao, NOISETTES (24%), beurre de cacao, BEURRE concentr√©, √©mulsifiant (l√©cithines de SOJA), ar√¥me naturel de vanille, LAIT √©cr√©m√© en poudre.",569.0,7.3,39.0,43.0
Tagger,"Sucre, Huiles V√©g√©tales Non-Hydrog√©n√©es (Palme, Palmiste), Farine De Bl√©, Cacao Maigre en Poudre, Lactos√©rum En Poudre, Emulsifiant (L√©cithine De Soja), Poudre A Lever (Bicarbonate De Sodium), Sel. CONTIENT LAIT, BLE (GLUTEN),SOJA",535.0,3.3,29.0,64.0
Go√ªter 4S Saveur pommes,"Farine de bl√© 71,1%, huile de colza, jus de pomme concentr√© 9,4%, semoule de pommes s√©ch√©es 4,2% (amidon de bl√©), extrait de malt d'orge, fibres de chicor√©e: fructooligosaccharides, riz, ar√¥me naturel d'abricot avec autres ar√¥mes naturels, extrait de pomme 0,46%, ar√¥me naturel de pomme avec autres ar√¥mes naturels, √©mulsifiant : l√©cithines, poudre √† lever: carbonates de potassium, acidifiant: acide malique, avoine, prot√©ines de lait, orge.",513.0,9.11,20.0,71.1
Wheat Biscuits,"Wheat (95%), Malted Barley Extract, Sugar, Salt, Niacin, Iron, Riboflavin, Thiamin, Folic Acid. Allergy Advice",358.0,12.0,2.0,68.0
Protein Cocoa Hazelnut Bars,"HJ ANDED SUGAB RAW Fruit & Nuts PRESSED LOGETHER Without Heat FRUITS & NOIX PRESSES, SANS COISSION [EN bates & Peanut Bars with Hazelnuts, cocoa and Natural FLAVOURINGS INGREDIENTS: Dates (38%), peanuts (35%), chicory fibre (10%), peanut flour (3%), hazelnuts (5%), fat-reduced cocoa powder (3%), natural flavourings. May contain traces of soya, other nuts and the odd shell or pit piece. FR BARRES DE Dattes & cacahu√®tes aux noisettes, cacao et ar√¥mes Naturels INGR√âDients: Dattes (38%), cacahu√®tes (35%), fibre de chicor√©s (10%), farine de cacahu√®tes (8%), noisettes (5%), cacao maigre (%) aromes naturels. Peut contenir ces traces de soja, d'autres fruits √† coque et des petits morceaux de coquilles ou de noyaux. NL REPEN VAN DaDeLS & Pinda's Met Hazelnoten, cacao en natuurlike aroma's INGREDI√ãNTEN; Dadels (38%), pinda's (35%), cichoreivezel (10%), pindameel (3%), hazelnoten (5%), magere cacacpoeder (3%), natuurlijke aroma's Kan sporen bevatten van soja, andere noten en soms een stukje pit of schil. DE Riegel aus pattern & ERDM√úSSEN Mit Haseln√ºssen. Kakao UMD nat√úRLICHEN AROMEN Zutaten: Datteln (38%), Erdn√ºsse (85%), Chicor√©e-Fasern (10%), Erdnussmehl (9%), Haseln√ºsse 15%), fettarmes Kakaopulver (3%), nat√ºrliche Aromen Kann Spuren enthalten von Soja, anderen Schalenfr√ºchten und gelegentlich einen Teil der Schale oder des Kerns. (ES) Barritas De D√°tles y cacahuetes com avellanas, cacao y aromas Naturales INGREDientes; D√°tiles (38%), cacahuetes (35%), fibra de achicoria (10%), harina de cacahuete (3%), avellanas (5%), cacao desgrasado en polvo (8%), aromas naturales. Puede contener trazas de soja, d√© otros frutos de c√°scara y ocasionalmente alg√∫n trozo de c√°scara o grano. Barrette di batterie RACHIDI CON Nocciole, cacao e aromi maturau INGREDIENTI: Datteri (38%), arachidi (35%), fibre di cicoria (10%) farina di arachidi (8%), nocciole (5%), cacao magro in polvere (3%), aromi naturali Pu√≤ contenere tracce di sola, altra frutta a guscio e qualche guscio o nocciclo. Imported by/Import√© par/Ge√Ømporteerd door/Importiert durch/Importado por/ Importato da: (EU) Lotus Bakeries Corporate NV, Gertstraat 52, BE-9371 Lembele (CH) Lotus Bakeries International und Schweiz AG. Neuhofstrasse 24, CH 6:40 Baar. Produit par/Hargestellt durch Natural Balance Foods, AL13AW, UK. nakd.unitedkingdom@catnakd.com/nakd.france@catnakd.com/ nakd.belgium@eatnakd.com/nakd.rederland@eatnakd.com/ nakd.deutschland@eatnakd.com/nakd.switzerland@eatnakd.com/ nakd.espana@catnakd.com/nakditalia@eatnakd.com NUTRITIONAL INFO / VALEURS NUTRITIONNELLES / NUTRITIONELE INFO / N√ÑHRWERTANGABEN / INFORMACI√ìN NUTRICIONAL! INFORMAZIONI NUTRIZIONALI Energy/Energie/Energie/ Valor energ√©tico/Energia Fat/Mati√®res grasses/Vetten/ Fett/Grasas/Grassi",421.0,16.1,21.7,32.6
Th√© - Biscuits,"Farine de _bl√©_ 67 %,sucre, huile de palme, sirop de glucose-fructose, _lait_ √©cr√©m√© en poudre, _lactos√©rum_ en poudre (de _lait_), ar√¥me fleur d'oranger, fibres de _bl√©_, sel, poudres √† lever (carbonate acide de sodium, carbonate acide d'ammonium), √©mulsifiant (l√©cithine de _soja_), ar√¥mes, colorant (E150b).",453.0,7.5,14.0,73.0
Petites Madeleines,"Farine de bl√© 34%, huile de colza, sucre, oeufs 14%, stabilisant : glyc√©rol, sirop de glucose, lait frais demi-√©cr√©m√© pasteuris√© 5%, poudres √† lever: carbonates et citrates de sodium (bl√©), sel, arome.
Traces √©ventuelles de fruits √† coque, soja.",419.0,5.5,21.0,54.0
Go√ªter p√©pites de chocolat,"Farine de bl√© 58,5%, sucre de canne roux, p√©pites de chocolat 12,4% (p√¢te de cacao, sucre, beurre de cacao, √©mulsifiant: l√©cithines de sola), huile de colza, farine de lupin, dextrose d'origine v√©g√©tale, riz, fibres d'avoine, ar√¥me naturel, calcium, magn√©sium, sel de mer, avoine, prot√©ines de lait, sirop de malt d'orge, amidon de bl√©, orge, vitamines B1, B5, B9, PP et E (lactose, prot√©ines de lait), poudre √† lever : carbonates d'ammonium.",459.0,7.3,16.0,67.0
Sea salt & cider vinegar chips,"Pommes de terre, huiles v√©g√©tales (tournesol, colza en proportion variable), sel de mer, vinaigre de cidre en poudre, vinaigre d'alcool en poudre, ar√¥me naturel, vinaigre de malt d'ORGE en poudre, jus de pomme concentr√© en poudre.

Peut contenir du LAIT.",467.0,5.8,25.0,51.0
Pr√≠ncipe crema de chocolate,"Harina de _trigo_ 49%, az√∫car, grasa de palma, aceite de nabina, cacao magro en polvo 4.5%, jarabe de glucosa, almid√≥n de _trigo_, gasificantes (carbonatos de amonio, carbonatos de sodio), emulgente (lecitinas de _soja_), sal, _leche_ desnatada en polvo, permeato de suero (_leche_), aroma.",469.0,6.2,17.0,71.0
Kinder Bueno White,"white chocolate (cocoa butter, sugar, skimmed milk powder, concentrated butter, emulsifier: lecithins (soy), vanillin), sugar, palm oil, wheat flour, skimmed milk powder, whole milk powder, hazelnuts, whey powder, starch, fat reduced cocoa, sunflower oil, milk proteins, emulsifier: lecithins (soy), raising agents (ammonium hydrogen carbonate, sodium hydrogen carbonate), flavourings, salt",571.0,8.5,35.9,53.0
PROPERCHIPS Sea Salt Lentil Chips,"Lentil flour (30%), potato starch, vegetable oils (sunflower, rapeseed), corn flour, salt.",482.0,9.7,20.8,63.6
napolitain,"Farine de bl√©, Sucre, Huile de palme, Sirop de glucose-fructose, ≈íufs, Chocolat en poudre (Sucre, Poudre de cacao), Stabilisants (Glyc√©rol, Sorbitols), Lactos√©rum en poudre (de Lait), Alcool, Sirop de glucose, Cacao maigre en poudre, Poudres √† lever (Carbonates d'ammonium, Diphosphates, Carbonates de sodium), Huile de colza, Graisse de karit√©, Sel, Ar√¥mes, Amidon, √âmulsifiants (E472b, E472a, L√©cithines de soja, E471), Lait √©cr√©m√© en poudre, colorant (E160a), √âpaississant (Gomme xanthane), Beurre concentr√©, Correcteurs d'acidit√© (Citrates de sodium, Acide citrique), Conservateur (Sorbate de potassium)",424.0,4.4,20.0,57.0
Biscuits pavot citron,"Farine de bl√© 57,9%, huile de colza, sucre de canne roux, germe de bl√© 5,6%, graines de pavot bleu 5%, amidon de bl√©, fibre de bl√©, fructose, citrons d√©shydrat√©s 0,9%, jus concentr√© de citron, magn√©sium, amidon de ma√Øs, sucre, poudre √† lever: carbonates de sodium, ar√¥me naturel de citron, sel de mer, vitamines (D, B6, B9, E).",454.0,8.9,16.0,66.0
The Original Crunchy Rye Breads,"Wholegrain RYE Flour, RYE Flour, Salt",352.0,10.5,0.952,68.6
Pringles Original,"Patate disidratate,  olio di girasole,  farina di frumento, farina di mais, farina di riso, maltodestrina, emulsionante (E471), colorante (norbissina di annatto), sale. palmier.",534.0,5.9,31.0,56.0
Blueberry Muffin Myrtilles,"Dates 58%, _Cashews_ 15%, Raisins 15%, _Almonds_ 10%, Blueberries 2%, Natural Flavouring",374.0,6.57,11.1,57.1
merendina big,Merendina,402.0,4.1,19.0,55.0
Belvita Original Petit-D√©jeuner miel et p√©pites de chocolat,"C√©r√©ales 59,7 % [c√©r√©ales compl√®tes 39,6 % (farine compl√®te de bl√© 19,8 %, flocons d'avoine 10,6 %, farine compl√®te d'orge 4,9 %, farine compl√®te de seigle 3,3 %, farine compl√®te d'√©peautre (bl√©) 1 %), farine de bl√© 20,1 %), sucre, huile de colza, p√©pites de chocolat 8,5 % [sucre, p√¢te de cacao, huiles v√©g√©tales (palme et karit√© en proportions variables), dextrose, beurre de cacao, √©mulsifiant (l√©cithines de soja)], miel de fleurs 5 %, sirop de glucose-fructose, min√©raux (carbonate de calcium, carbonate de magn√©sium, fer √©l√©mentaire), poudres √† lever (carbonates de sodium, diphosphates, carbonates d'ammonium), sel, √©mulsifiants (l√©cithines de soja, E472e), ar√¥me, lait √©cr√©m√© en poudre. Peut contenir oeuf, fruits √† coque, s√©same.",444.0,7.3,15.0,67.0
V√©ritable Petit √âcolier Chocolat au Lait,"Petit beurre 52% Farine de bl√© 68%, sucre, beurre p√¢tissier 14%, lait √©cr√©m√© en poudre, poudres √† lever (carbonates d'ammonium, carbonates de sodium, diphosphates), sel, correcteur d'acidit√© (acide citrique).

Chocolat au lait 48% : Sucre, beurre de cacao, p√¢te de cacao, lait √©cr√©m√© en poudre, lactos√©rum en poudre (de lait), beurre p√¢tissier, √©mulsifiants (l√©cithines de soja, E476), ar√¥me.

Peut contenir : fruits √† coque.",498.0,6.2,23.0,65.0
Belvita Petit D√©jeuner Chocolat,"grains of 56,6% [wholegrain cereals (up 38,5% (wheat flour full of 19,4%, flakes d' oats is 8,5%, whole-wheat flour d' barley of 6,2%, whole meal flour of rye is 3,4%, spelt wholemeal flour ( wheat), 1%), wheat flour, 18,1%, sugar, chocolate chips, or 12,3% [sugar, cocoa mass, vegetable oils (palm, shea in varying proportions), dextrose, cocoa butter,        emulsifier (lecithins from soya ), rapeseed oil , lean cocoa powder 3%, wheat starch , baking powder (carbonate amonium, diphosphates carbonates of sodium), minerals (calcium carbonate, magnesium carbonate, elemental iron), emulsifiers (e492, lecithins, soy, e472e), salt, skimmed milk powder, flavourings,",439.0,7.9,14.0,66.0
Proper Corn Sweet & Salty,"Wholegrain corn (63%), rapeseed oil, demerara sugar, glazing agent (isomalt), sea salt. Watch out: May contain the occasional un-popped kernel. This pack contains approximately 3 servings. Typical Nutrition Per 100g Per 28g Energy 1944kJ",465.0,7.6,20.4,56.5
Edelbitter Mild 90%,"Kakaomasse, Kakaobutter, fettarmes Kakaopulver, Zucker, Emulgator: Lecithine (Soja); Vanilleextrakt.
Kann Spuren von Schalenfr√ºchten und Milch enthalten.",605.0,11.0,51.9,16.2
V√©ritable Petit Beurre Pocket,"Farine de bl√©, sucre, beurre, lait √©cr√©m√© en poudre, sel, poudres √† lever (carbonates d'ammonium, carbonates de sodium), correcteur d'acidit√© (acide citrique), ar√¥me.",440.0,8.1,12.0,72.0
Natur' & Bon - Chips de lentilles saveur fines herbes,"lentil flour (38%), corn flour, rice flour, sunflower oil, corn starch, potato starch, maltodextrins, salt, sugar, onion, natural flavor, garlic, dill, chives, green pepper, parsley, acidity regulators: lactic acid and citric acid,",453.0,13.0,19.0,56.7
Chocolat noir Equateur Bio,"P√¢te de cacao' (origine : √âquateur), beurre de cacao', sucre, extrait de vanille'. Cacao: 85% minimum. 'issus de l'agriculture biologique. Traces √©ventuelles de fruits √† coque, de c√©r√©ales contenant du gluten et de lait.",639.0,9.0,55.3,20.6
Biscuit complet au germe de bl√©,"Farine compl√®te de bl√© 44,8%, farine de bl√© 22,7%, sucre de canne roux, huile de colza, germe de bl√© 5,7%, fibres d'avoine, ar√¥mes naturels (extrait de malt d'orge), poudres lever (acide citrique, carbonates d'ammonium), magn√©sium, √©mulsifiant : l√©cithines, sel de mer, antioxydant: extrait naturel riche en tocopherols, amidon de bl√©, vitamines (E, D, B6, B1, B9).",440.0,9.52,14.3,65.5
Milka galette choco,"Farine de BLE 42 %, sucre, huile de palme, chocolat au LAIT du pays alpin 6% (sucre, beurre de cacao, LAIT √©cr√©m√© en poudre, p√¢te de cacao, lactoserum en poudre (de LAIT), BEURRE p√¢tissier, √©mulsifiant (l√©cithines de SOJA), arome), cacao maigre en poudre 3,2 %, lactos√©rum en poudre (de LAIT), sirop de glucose, sel, LAIT entier en poudre, poudres √† lever (carbonates d'ammonium, carbonates de sodium), arome (contient LAIT), √©mulsifiants (l√©cithines de SOJA, l√©cithines de tournesol)",504.0,5.7,24.0,65.0
Multigrain Crunchy Rye Breads,"rye (flour, bran), toasted seeds & grains (17%)‚Ä†, salt.
‚Ä† buckwheat, brown linseed, kibbled soya, sesame seeds, kibbled rye.
made with 87g of rye flour per 100g of product,",354.0,12.8,5.1,55.7
Tartines craquantes sarrasin,"SP√âCIALIT√âS C√âR√âALI√àRES AU SARRASIN, ISSUES DE L'AGRICULTURE BIOLOGIQUE. 4 ingr√©dients et c'est tout Farine de sarrasin* 72,3g, farine de riz* 37,3g, sucre de canne* roux, sel de mer. (Quantit√© mise en ≈ìuvre pour 100g de produit fini. *Ingr√©dients issus de l'agriculture biologique.",370.0,12.0,1.7000000476837,75.0
Cocoa Orange Fruit & Nut Bars,"Dates 40%, Cashews 40%, Raisins 14%, Cocoa 5%, Orange Oil, Natural Flavouring",394.0,8.57,15.4,51.4
Excellence Noir √† la Pointe de Fleur de Sel,"sucre, p√¢te de cacao, beurre de cacao, beurre _laitier_ concentr√©, √©mulsifiant (l√©cithine de _soja_), fleur de sel 0,3%.
Cacao : 47% minimum.",537.0,5.7,32.0,52.0
Cream Crackers,"Flour (_Wheat_ Flour, Calcium, Iron, Niacin, Thiamin), Vegetable Oil (Palm), Salt, Raising Agent (Sodium Bicarbonate), Yeast.",440.0,10.0,13.5,67.7
Pistaches de Californie,"_Pistaches_, sel 1,8%,
Traces √©ventuelles d'autres fruits √† coque et d'arachides,",605.0,26.0,49.0,10.0
Organic Crisp Bread,"_Weizenvollkornmehl_ (57%), _Emmentaler_ (13%), K√ºrbiskerne (10%), natives Oliven√∂l extra (3%), _Haferflocken_, Sonnenblumenkerne (3%), Leinsaat (3%), _Sesam_ (2%), Meersalz, Hefe, _Gerstenmalzextrakt_.",442.0,18.0,18.0,47.0
Brioche Tranch√©e Recette Classique,"Farine de bl√© 54%, sucre, eau, ceufs frais 9,5%, beurre p√¢tissier (lait), huile de colza, levure, sel, rhum, ar√¥mes (bl√©), poudre de jaune d'≈ìufs, extraits v√©g√©taux √† pouvoir colorant (curcuma, paprika), extrait d'acerola. Peut contenir des traces de soja, fruits √† coque et graines de s√©same.",345.0,8.0,11.0,51.0
V√©ritable Petit Beurre üßà,"Farine de _bl√©_, sucre, _beurre_, _lait_ √©cr√©m√© en poudre, sel, poudres √† lever (carbonates d'ammonium, carbonates de sodium), correcteur d'acidit√© (acide citrique), ar√¥me (73 g de farine de bl√©, 21 g de sucre, 13 g de beurre et 1 g de sel sont utilis√©s pour 100 g de produit fini)",440.0,8.0,12.0,72.0
"Sweet & Salty Nut chocolat noir et m√©lange de noix, 5 barres de 30 g","Cacahu√®tes grill√©es (18,5%), avoine compl√®te (14%), sirop de glucose, p√©pites de chocolat (9%) (p√¢te de cacao, sucre, beurre de cacao, √©mulsifiant (lecithines (soja)), huiles et graisses v√©g√©tales (palme, tournesol, colza, karit√©), extrait de racine de chicor√©e, sucre, farine de bl√©, maltodextrine, farine de riz, fructose, cacao maigre en poudre, lactose (lait), morceaux d'amandes (1,3%), humectant (glyc√©rol), sel de cuisine, √©mulsifiants (l√©cithines (soja)), beurre de cacahu√®te (0,75%), dextrose, ar√¥mes naturels, miel, antioxydant (extrait riche en tocopherols).",464.0,9.5,22.9,50.0
Dark Chocolate,"sugar, cocoa mass, cocoa butter, emulsifier (sunflower lecithins), vanilla extract",531.0,5.7,31.5,52.4
Wholegrain Wheat Bixies,"94% wholegrain  wheat ,  barley  malt extract, sugar, salt, niacin, iron, riboflavin, thiamin, folic acid",362.0,12.7,2.25,67.8
Granola LU,"Farine de bl√© 34 %, chocolat 33 % (sucre, p√¢te de cacao, graisses v√©g√©tales (palme et karit√© en proportions variables), dextrose, beurre de cacao, l√©cithines de soja), huile de palme, sucre, poudres √† lever (carbonates d'ammonium, carbonates de sodium, diphosphates), sel, colorant (carot√®nes), ar√¥me, lait √©cr√©m√© en poudre. Peut contenir des ≈ìufs et des fruits √† coque.",503.0,5.7,26.0,60.0
Lay's Cuites au four nature,"Flocons de pommes de terre (65%),amidon,huile de tournesol,sucre,base aromatisante sel de mer (sel de mer, ar√¥mes),√©mulsifiant (l√©cithine de tournesol),colorant (norbixine de rocou)",442.0,5.9,13.0,73.0
Sour Cream & Onion¬Æ,"Kartoffelp√ºreepulver, Sonnenblumen√∂l, Weizenmehl, Maismehl, Reismehl, Sauerrahm-Zwiebel-W√ºrzmischung (Zwiebelpulver, Weizenst√§rke, Maltodextrin), Mononatriumglutamat, Dinatriumguanylat, Dinatriuminosinat, Dextrose, Sonnenblumen√∂l, Speisesalz, Aromen (Milch), Zucker, Sauerrahmpulver (Milch), Modifizierte Maisst√§rke, S√º√ümolkenpulver (Milch), Glucosesirup, S√§uerungsmittel, Citronens√§ure, Milchs√§ure, √Ñpfels√§ure, Milcheiwei√ü, Maltodextrin, Emulgator (E471), Salz, Farbstof (Annato, Norbixin)",517.0,6.3,29.0,56.0
Belvita Brut & 5 c√©r√©ales compl√®tes,"C√©r√©ales 69,5 % [c√©r√©ales compl√®tes 42,4 % (flocons de seigle 17,5 %, flocons d'avoine 15,3 %, gruau d'avoine 6,7 %, farine compl√®te d'√©peautre (bl√©) 1 %, farine compl√®te d'orge 1 %, farine compl√®te de bl√© 0,9 %), farine de bl√© 27,1 %], sucre, huile de colza, sucre de canne, poudres √† lever (carbonates de sodium, carbonates d'ammonium, diphosphates), min√©raux (carbonate de de calcium, carbonate de magn√©sium, fer √©l√©mentaire), sel, sirop de sucre inverti, sirop d'orge malt√©, √©mulsifiant (l√©cithines de soja), lait √©cr√©m√© en poudre. Peut contenir oeuf, fruits √† coque.",438.0,7.8,14.0,66.0
Arriba Chocolat noir,"cocoa mass, lean cocoa powder, cocoa butter, sugar,",594.0,12.5,51.1,12.7
Go√ªter aux raisins,"Farine de bl√© 59,5%, sucre de canne roux, huile de colza, raisins secs 10%, farine de soja, p√¢te de raisins 3,3%, fibres de chicor√©e : fructooligosaccharides, poudres √† lever (carbonates de potassium, carbonates d'ammonium), prot√©ines de lait,",434.0,9.4,14.0,64.0
Pringles sour cream,"Kartoffelp√ºreepulver, pflanzliche √ñle (Sonneblume, Mais), Reismehl, _Weizenst√§rke_, Maismehl, Sauerrahm-Zwiebel-W√ºrzmischung (Geschmackverst√§rker (Mononatriumglutamat, Dinatriumguanylat, Dinatriuminosinat), Zwiebelpulver, Dextrose, teilweise geh√§rtetes Sonnenblumen√∂l, Zucker, S√º√ümolkenpulver (_Milch_), _Laktose_ (_Milch_), S√§uerungsmittel (Citronens√§ure, Milchs√§ure, Apfels√§ure), Sauerrahmpulver (_Milch_), Aromen (_Milch_), _Milcheiwei√ü_, Kartoffelst√§rke, Hefeextrakt), Emulgator (E471), Maltodextrin, Speisesalz, Farbstoff (Anatto)",517.0,6.3,29.0,56.0
Granola L'original Gros √©clats de chocolat,"Farine de bl√© 34 %, chocolat 33 % [sucre, p√¢te de cacao, graisses v√©g√©tales (palme et karit√© en proportions variables), dextrose, beurre de cacao, √©mulsifiant (l√©cithines de soja)], huile de palme, sucre, poudres √† lever (carbonates d'ammonium, carbonates de sodium, diphosphates), sel, colorant (carot√®nes), ar√¥me, lait √©cr√©m√© en poudre.",503.0,5.7,26.0,60.0
Toblerone,"sugar, whole milk powder, cocoa butter, cocoa mass, honey (3%), milk fat, almonds (1,6%), emulsifier (soya lecithin), egg white, flavouring, cocoa solids 28% minimum, milk solids 14% minimum,",528.0,5.6,28.0,61.0
Organic Milk Chocolate,"cane sugar #, whole milk powder #, cocoa mass #, cocoa butter #, emulsifier (soya lecithins #), vanilla extract #, # ,certified organic, may contain nuts, organic milk chocolate: minimum cocoa solids 37 %, minimum milk solids 24 %,",561.0,9.8,36.0,48.0
Noir Extra,"coconut 48%, sugar, cocoa paste, cocoa butter, lean cocoa powder, emulsifier (soy lecithin), flavouring, skimmed milk powder, cocoa: 47% minimum, may contain wheat, barley and nuts",508.0,4.9,28.0,55.0
Le cookie Chocolat Noisette,"Sucre roux de canne*, 
Farine de bl√©* 19%, 
P√©pites de chocolat noir* 17% (sucre de canne*, p√¢te de cacao*, beurre de cacao*), 
Farine compl√®te de bl√©* 15%, 
Huile de colza*, 
Noisettes* 7,7%, 
Fibres d'acacia*, 
Amidon de bl√©*, 
Poudre de lait* √©cr√©m√©, 
≈íuf* entier en poudre, 
Poudre √† lever: carbonates d'ammonium, 
√âmulsifiant : l√©cithines* (soja), 
Sel marin. 
Peut contenir des traces d'autres fruits √† coque et de graines de s√©same. *Ingr√©dients biologiques.",496.0,7.4,26.0,55.0
Tonik,"Farine de bl√©, Sucre, Huile v√©g√©tale hydrog√©n√©e (plame), Cacao maigre en poudre, √âmulsifiant d Soja' cactoserum en poudre. Poudre √† lever (Bicarbonate de sodium), Ar√¥me artificel (vanille), sel. CONTIENT: BLE, GLUTEN, SOJA, LAIT",503.0,4.8,23.0,70.0
Tartines c√©r√©ales 450g,"Farine de BL√â *50 %, eau, huile de colza, graines de tournesol d√©cortiqu√©es 4,6 %, graines de millet d√©cortiqu√©es 1,8 %, graines de lin brun 1,8%, semoule de BL√â dur 1,6 %, levains de BL√â d√©vitalis√©s, sel, ar√¥me naturel (contient alcool), graines de pavot bleu 0,7 %, flocons d'AVOINE 0,7 %, levure, vinaigre, graines de quinoa 0,4 %, graines d'amarante 0,4%, conservateur : propionate de calcium, levure d√©sactiv√©e, farine de BL√â d'√©peautre 0,3 %, GLUTEN DE BL√â , farine de SEIGLE 0,2%, farine d'ORGE malt√©e torr√©fi√©e 0,1%, farine de BL√â malt√© torr√©fi√© 0,1%, antioxydant : acide ascorbique. Traces √©ventuelles d'≈ìufs, soja, lait, moutarde et graines de s√©same. * Ingr√©dient issu du commerce √©quitable fran√ßais.",298.0,10.0,10.0,39.0
Galettes au bon beurre,"Farine de bl√© 66%, sucre, beurre 18%, ≈ìufs, ar√¥me naturel, sel, poudres √† lever¬†: carbonates d'ammonium, carbonates de sodium, lait √©cr√©m√© en poudre.",470.0,7.4,16.0,73.0
Petit brun extra,"Farine de _BL√â_ 70%, sucre, huile de palme, sirop de glucose-fructose, poudres √† lever (carbonates d'ammonium, carbonates de sodium, diphosphates), sel, correcteur d'acidit√© (acide citrique), ar√¥me.
PEUT CONTENIR OEUF, LAIT, S√âSAME.",441.0,7.2,12.0,74.0
Go√ªter aux √©corces confites,"Farine de bl√© 62,6%, sucre de canne roux, huile de colza, farine de soja, √©corces d'orange confites 5,3% (√©corces d'orange, sirop de glucose-fructose, sucre, acidifiant : acide citrique), √©corces de citron confites 5,3% (√©corces de citron, sirop de glucose-fructose, sucre, acidifiant : acide citrique), fibres de chicor√©e : fructooligosaccharides, prot√©ines de lait, ar√¥me naturel de mandarine, poudre √† lever: carbonates d'ammonium",445.0,9.5,15.0,65.0
–®–æ–∫–æ–ª–∞–¥ —Å 6% –ø–∞—Ä—á–µ–Ω—Ü–∞ –º–∞–ª–∏–Ω–∏,"–ö–∞–∫–∞–æ–≤–∞ –º–∞—Å–∞, –∑–∞—Ö–∞—Ä, –∫–∞–∫–∞–æ–≤–æ –º–∞—Å–ª–æ, –≥–ª—é–∫–æ–∑–æ-—Ñ—Ä—É–∫—Ç–æ–∑–µ–Ω —Å–∏—Ä–æ–ø, –æ—Ä–∏–∑–æ–≤–æ –±—Ä–∞—à–Ω–æ, 0,5% –∫–æ–Ω—Ü–µ–Ω—Ç—Ä–∞—Ç –æ—Ç –º–∞–ª–∏–Ω–æ–≤–æ –ø—é—Ä–µ, –µ–º—É–ª–≥–∞—Ç–æ—Ä: –ª–µ—Ü–∏—Ç–∏–Ω (—Å–æ–µ–≤); –ø–∞–ª–º–æ–≤–∞ –º–∞–∑–Ω–∏–Ω–∞, –µ—Å—Ç–µ—Å—Ç–≤–µ–Ω –∞—Ä–æ–º–∞—Ç–∏–∑–∞–Ω—Ç, –æ—Ä–∏–∑–æ–≤–æ –Ω–∏—à–µ—Å—Ç–µ, —Å–≥—ä—Å—Ç–∏—Ç–µ–ª: –ø–µ–∫—Ç–∏–Ω–∏; –∫–∏—Å–µ–ª–∏–Ω–∞: –ª–∏–º–æ–Ω–µ–Ω–∞ –∫–∏—Å–µ–ª–∏–Ω–∞; –µ–∫—Å—Ç—Ä–∞–∫—Ç –æ—Ç –≤–∞–Ω–∏–ª–∏—è, –æ—Ü–≤–µ—Ç—è–≤–∞—â –∫–æ–Ω—Ü–µ–Ω—Ç—Ä–∞—Ç –æ—Ç —Å–æ–∫ –æ—Ç —á–µ—Ä–µ–Ω –º–æ—Ä–∫–æ–≤. –ú–æ–∂–µ –¥–∞ —Å—ä–¥—ä—Ä–∂–∞ —Å–ª–µ–¥–∏ –æ—Ç —è–¥–∫–∏ –∏ –º–ª—è–∫–æ.",552.0,8.0,39.2,36.0
Milka Tablette Noisette,"Sucre, NOISETTES (20%), beurre de cacao, p√¢te de cacao, LAIT √©cr√©m√© en poudre, lactos√©rum en poudre (de LAIT), BEURRE concentr√©, √©mulsifiant (l√©cithines de SOJA), p√¢te de NOISETTE, ar√¥me.",563.0,8.2,37.0,47.0
"Gerbl√© - Sugar Free Coconut Cookie, 132g (4.7oz)","Farine de bl√© 58,1%, √©dulcorant: maltitols d'origine v√©g√©tale, huile de colza, amidon de bl√©, fibre de bl√©, ar√¥mes naturels, √©mulsifiant : lecithines, poudres √† lever (acide citrique, carbonates d'ammonium), sel de mer.",427.2,6.2,15.0,72.0
Biscuits petit d√©jeuner moelleux aux p√©pites de chocolat,"C√©r√©ales 43,9 % farine de bl√© 25 %, c√©r√©ales compl√®tes 16,8 % (sarrasin complet concass√© 6,5 %, gruau d'avoine 6,5 %, farine compl√®te d'orge 1 %, farine compl√®te d'√©peautre (bl√©) 1 %, flocons d'avoine 1 %, farine compl√®te de bl√© 0,8 %), farine de riz 2%, farine de bl√© malt√© 0,1 %), p√©pites de chocolat 11 % [pate de cacao, sucre, √©mulsifiant (l√©cithines de sojall huile de colza, sucre, amidon modifi√©, humectant (glyc√©rol, inuline, isomaltulose****, agent de charge (maltitol), min√©raux (carbonate de calcium, carbonate de magn√©sium, fer √©l√©mentaire), √©mulsifiants (l√©cithines de soja, E472b, E475), sirop de glucose, sel, poudre √† lever (carbonates de sodium), lait √©cr√©m√© en poudre, gluten de bl√©, dextrose, ar√¥mes. **** lisomaltulose est une source de glucose et de fructose.",200.0,2.9,7.2,30.0
Ferrero Rocher,"milk chocolate (sugar, cocoa butter, skimmed milk powder, butter consented, emulsifier: lecithin [soy], vanillin), hazelnuts, sugar, palm oil, wheat flour, whey powder, lean cocoa, emulsifiers: lecithins [soy],baking powder: sodium acid carbonate, salt, vanillin,",603.0,8.2,42.7,44.4
NOIR DEGUSTATION 70% CARAMEL,"P√¢te de cacao, sucre, beurre de cacao, sirop de glucose, beurre concentr√© (lait), √©mulsifiant : l√©cithines (tournesol), ar√¥me naturel, sel, extrait de vanille, Chocolat noir : cacao : 70 % minimum,",544.0,7.2,36.8,41.6
La Madeleine Pur beurre,"_beurre_ 26%, _oeufs_ frais 25%, farine de _bl√©_ tendre, sucre, sirop de sucre inverti, _amandes_ en poudre. ar√¥me naturel de vanille (contient alcool) et ar√¥me naturel. poudres √† lever : carbonates de sodium et citrate de sodium (_bl√©_), sel,",447.0,6.6,26.0,46.0
Blueberry Muffin,"dates 58%, cashews 15%, raisins 15%, almonds 10%, blueberries 2%, natural flavouring",374.0,6.57,11.1,57.1
Benco Original,"Sucre, cocoo fortement d√©graiss√© 21,4%, sel, ar√¥me, vitamine B1",180.0,2.29,1.1,38.1
Pelotazos futebolas,"Semoule de mais (73%), huile de ma√Øs, saveur fromage lactose (a partir de la poudre de lactos√©rum (a partir de lait), poudre de fromage (√† partir de lait, pr√©parations aromatisantes et substances aromatisantes, exhausteurs de gout (glutamate monosodique, inosinate disodique et guanylate disodique), chlorure de potassium, ar√¥me de fum√©e] sucre, sel, colorants (concentr√© de l√©gumes, extrait de paprika)",520.0,5.4,27.8,61.4
Apple & Raisin Oat Bars,"Gluten Free Oats (44%), Rice Syrup, Coconut Oil, Raisins (8%), Coconut Sugar, Rapeseed Oil, Dried Apple Pieces (5%), Cinnamon (Cassia).",426.0,5.6,17.4,59.2
"Crunchy Oats and Dark chocolate, 2 Barres de 21 g","Avoine compl√®te (56%), sucre, huiles v√©g√©tales (tournesol, colza en proportions variables), p√©pites de chocolat noir (7%) (p√¢te de cacao, sucre, √©mulsifiant (l√©cithines (soja)), ar√¥me naturel de vanille), cacao maigre en poudre, miel, sel de cuisine, m√©lasse, √©mulsifiant (l√©cithines), poudre √† lever (bicarbonate de sodium), ar√¥me naturel.",476.0,7.14,19.0,69.0
Nutri+ avoine complet,"Flocons d'avoine* 40% , Farine de bl√©* , Sucre de canne* non raffin√© ,Huile de colza* , Billettes de riz* souffl√© (farine de riz*, sel) , Fibres d'acacia*, Miel* , Poudre √† lever: carbonates d'ammonium, Jaune d'≈ìuf* en poudre ,Sel marin ,Antioxydant: extraits de romarin* Peut contenir des traces de lait, de fruits √† coque, de graines de s√©same et de soja. *Ingr√©dients biologiques.",442.0,9.1,15.0,64.0
Gingembre saveur citron üçã,"Farine de _bl√©_ 71,5 % , sucre de canne, huile de tournesol ol√©ique, son de bl√©, poudres √† lever (acide citrique, carbonates de sodium), huile essentielle de citron, gingembre en poudre, sel de mer, *Ingr√©dients issus de l'agriculture biologique, Fabriqu√© dans un atelier qui utilise des _fruits √† coque_, du _lupin_, des _oeufs_, du _lait_, du _s√©same_ et du _soja_,",456.0,8.3,16.0,67.0
Kinder Country,"Zucker, pflanzliche Fette (Palm, Shea), p√¢te lait √©cr√©m√© (37%) Haseln√ºsse (13,1 %), Glukosesirup, Magermilchpulver Ingr√©dients: sucre, grais - (8,1%), Milchzucker, Feuchthaltemittel Sorbitsirup, Kakao - (13,1 %), sirop de glucose butter, kondensierte Magermilch, kondensierte S√º√ümolke, humectant (sirop de Vollmilchpulver, Sahnepulver, Rohrzuckersirup, Molken - concentr√©, lactos√©rum lactos√©rum, √©mulsifia erzeugnis, Emulgator Lecithine (Soja), Aromen (enth√§lt cr√®me en poudre, sir - Erdnuss), Buttermilchpulver, Salz. traces d'amandes e arachides), babeurre Kann auch Anteile von Mandel und anderen N√ºssen enthalten. Qualit√§tsgarantie: Toffifee verl√§sst unser Haus immer frisch und in bester Qualit√§t. Das ist unser Versprechen an Sie. Sollten Sie dennoch einmal Grund zur Beanstandung haben, schicken Sie uns bitte die Packung mit Ware unter Angabe der Einkaufsst√§tte. Wir leisten Ihnen selbstverst√§ndlich Ersatz. 4 014400 932959 id 267153 Vor W√§rme sch√ºtzen! Mindeste Prot√©ger de la chaleur! A conso 01.11.23",561.0,8.6,33.8,54.9
Propercorn Sweet & Salty,"Wholegrain corn (63%), rapeseed oil, demerara sugar, glazing agent (isomalt), sea salt.",465.0,7.6,20.4,56.5
Gocciole classiche pav 500 gr,"Farine de BL√â, sucre, chocolat 14,6%* (sucre, p√¢te de cacao, beurre de cacao, cacao maigre, √©mulsifiant : l√©cithine de SOJA), huile de tournesol, BEURRE, sirop de glucose, amidon de BL√â, poudres √† lever (carbonate acide de sodium, carbonate acide d'ammonium), sel, ar√¥me vanilline. *% exprim√© sur le produit fini. Peut contenir des traces de FRUITS √Ä COQUE, MOUTARDE, S√âSAME et OEUFS.",488.0,6.5,22.0,64.0
Protein Caramel sal√© Cacahu√®tes,"_cacahu√®tes_ grill√©es (38%), extrait de racine de chicor√©e, prot√©ine isol√©e de _soja_, _amandes_ 9%, sirop de glucose, mati√®re grasse v√©g√©tale: palme; lactos√©rum (_lait_), fructose, maltodextrine, huile de tournesol, amidon de tapioca, humectant: glyc√©rol; sel, caramel en poudre (sucre, _lait_ √©cr√©m√© en poudre), _lait_ √©cr√©m√© en poudre, √©mulsifiants: l√©cithines de tournesol et de _soja_; ar√¥mes naturels",505.0,26.0,30.5,25.0
85% Cocoa - Dark Chocolate,"cocoa mass, cocoa butter, sugar, fat reduced cocoa powder, lecithins ( soya ), vanilla extract",604.0,10.8,49.8,21.8
Oatibix,"Wholegrain Oats (96%), Sugar, Malted Barley Extract, Salt, Niacin, Riboflavin (B2), Thiamin (B1), Folic acid.",390.0,12.0,8.0,63.0
Kinder Cards,"LAIT √©cr√©m√© en poudre 28%, sucre, huile de palme, farine de FROMENT 15,5%, cacao maigre en poudre 4%, √©mulsifiants: l√©cithines [SOJA]; sel, poudre √† lever: carbonate acide de sodium; vanilline.",510.0,11.5,26.3,55.9
Petites Madeleines p√©pites chocolat,"Farine de bl√© 27%, sucre, huile de colza, ≈ìufs 14%, sirop de glucose, stabilisant: glyc√©rol, p√©pites de chocolat 4% (sucre, p√¢te de cacao, beurre de cacao, cacao maigre en poudre, √©mulsifiant : l√©cithines (soja), arome naturel de vanille), p√©pites de chocolat au lait 2.7% (sucre, lait entier en poudre, beurre de cacao, p√¢te de cacao, lactose, √©mulsifiant : l√©cithines (soja), ar√¥me naturel de vanille), lait frais demi-√©cr√©m√© pasteuris√© 2.4%, f√©cule, poudres √† lever: carbonates et citrates de sodium (bl√©), sel, ar√¥me. Traces √©ventuelles de : fruits √† coque. Tenir au sec, √† l'abri de la chaleur (max 25¬∞C) et de la lumi√®re. 070",452.0,5.5,22.0,56.0
8 Pains au lait frais Bio 280g,"Farine de BL√â*/** 51%, ≈íUFS entiers*/** 12.5%, LAIT frais √©cr√©m√© pasteuris√©* 8.4%, huile de tournesol*/** 8.4%, levain* (eau, farines de BLE*/** 3.3% et de SEIGLE*, levures), sucre de canne roux*, ar√¥me naturel de vanille* (contient alcool*), GLUTEN DE BL√â*, levure, sel, extrait de vanille*. Traces √©ventuelles de soja. *Ingr√©dients issus de l'Agriculture Biologique. **Ingr√©dients issus du commerce √©quitable fran√ßais.",345.0,9.3,11.0,51.0
single origin milk chocolate,"Cocoa Butter, Dried Whole Milk, Cane Sugar, Cocoa Mass, Milk Fat, Vanilla Extract",618.0,8.4,47.4,37.9
Petit Cookies P√©pites de chocolat,"farines de c√©r√©ales (farine de bl√© tendre,  farine d'avoine ), p√©pites de chocolat 33% (sucre,  p√¢te de cacao,  lactose,  √©mulsifiant  : l√©cithine (soja ),  ar√¥me naturel de vanille,  cacao maigre en poudre), beurre,  sucre,  oeufs frais,  poudre √† lever ( carbonates de sodium et diphosphates ), fibres de bl√©,  ar√¥me naturel,  sel, poudre de lait √©cr√©m√©.",510.0,7.3,26.0,60.0
Petit √©colier chocolat noir pur beurre de cacao,"Biscuit: Farine de bl√©, Sucre, Beurre concentr√©, Lait √©cr√©m√© en poudre, Poudres √† lever (carbonate d'ammonium, carbonate de sodium, pyrophosphate acide de sodium), Sel, Acide citrique. Enrobage au chocolat noir: P√¢te de cacao, Beurre de cacao, Sucres (sucre, lactose), Lait √©cr√©m√© en poudre, Beurre concentr√©, L√©cithine de soja, Ar√¥me artificiel. Contient: Bl√©, Lait, Soja. Peut contenir: Noix.",502.0,5.6,25.0,62.0
Sweet & salty popcorn,"Wholegrain com (63%), rapeseed oil, demerara sugar, glazing agent (isomalt), sea salt",464.0,7.86,20.7,56.4
Protein Oat Boosts Cocoa Vanilla,"Oats (38%), Chicory Root Fibre, Vegetable Oils (Rapeseed, Palm), Sunflower Seeds, Golden Syrup, Fat-Reduced Cocoa Powder (3.6%), Liquid Sugar, Chocolate (2.5%) (Cocoa Mass, Sugar, Cocoa Butter, Fat-Reduced Cocoa Powder, Emulsifier: Soya Lecithin), Humectant: Glycerine, Linseed, Palm Fat, Modified Starch, Soya Flour, Demerara Sugar, Starch, Natural Vanilla Flavouring, Sea Salt, Emulsifier: Soya Lecithin, Citrus Fibre, Natural Flavouring, Stabiliser: Xanthan Gum, Molasses",386.0,6.3,22.0,33.0
Megachok,"Farine de bl√©, cr√®me de chocolat 30%, sucre, graisse v√©g√©tale (palme), cacao d√©graiss√© en poudre 16%*, lactos√©rum en poudre, ar√¥me, √©mulsifiant (l√©cithines (tournesol)), graisses v√©g√©tales (ol√©ine de palme, palme), sucre, sirop de glucose - fructose, poudres √† lever (carbonate acide de sodium, carbonate acide d'ammonium), lactos√©rum en poudre, sel, √©mulsifiant (l√©cithines (tournesol)), ar√¥me, antioxydant (disulfite de sodium).",458.0,5.0,17.0,71.0
Cranberry saveur amande,"Farine de bl√©* 68%, huile de tournesol ol√©ique*, sucre de canne*, cranberries 5,3%, son de bl√©, poudres √† lever (acide citrique, carbonates de sodium), ar√¥me naturel de framboise, ar√¥me naturel d'amande am√®re (issu d'amandons d'abricots). *Ingr√©dients issus de l'agriculture biologique.",439.0,7.5,14.0,68.0
"Gerble - Organic 3 seeds Kasha Sesame Poppy Cookie, 132g (4.7oz)","Farine compl√®te de bl√© de meule 65,9%, Sucre de canne, huile de tournesol ol√©ique, son de bl√©, sarrasin grill√© 2,6%, s√©same toast√© 2,1%, graines de pavot bleu 1,4%, poudres √† lever (acide citrique, carbonates de sodium), sel de mer",448.0,9.5,17.0,60.0
Chocolat noir 85% Madagascar,"P√¢te de cacao¬∫* de Madagascar 75%, sucre de canne¬∫*, beurre de cacao¬∞*
¬∫ issus de l'agriculture biologique
*issus du commerce √©quitable (100% du poids total)",619.0,11.0,51.0,24.0
V√©ritable petit beurre,"Farine de _bl√©_ 73.4 %, sucre, _beurre_ 13.6%, _lait_ √©cr√©m√© en poudre 1.3%, sel, poudre √† lever (carbonate acide d'ammonium, carbonate acide de sodium), correcteur d'acidit√© (acide citrique), ar√¥me.",435.0,8.0,12.0,72.0
Pringles Texas BBQ 165g ajman,"Dehydrated potatoes, vegetable oils (sunflower, palm, corn) in varying proportions, wheat flour, corn flour, rice flour, barbecue seasoning (sugar, lactose {milk}, salt, onion powder, flavour enhancers {monosodium glutamate, disodium 5'-ribonucleotides}, tomato powder, paprika powder, yeast extract, flavourings, smoke flavourings, carob powder, acidity regulator {sodium diacetate}, acids {malic acid, citric acid}, garlic powder, sunflower oil, corn starch, colour {paprika extract}, maltodextrin), maltodextrin, emulsifier (E471), salt, colour (annatto norbixin)",517.0,6.3,29.0,56.0
Extrem,"Sucre, Sirop de glucose, Cacahu√®tes (20%). Cacao en poudre, Prigine vegeta (Poudre de laiter, Poudre be de Graisses v√©g√©tales (Palme, Palmiste), Beurre, Blanc d'≈ìuf en poudre, Poudre levante (Bicarbonate de sodium E500), Humectant (Sorbitol), Emulsifiant d'origine v√©g√©tale (lecithine de soja E322 Mone 471 polyricinoleate de polyglyc√©rol E476), sel et Ar√¥me (vanilline). Contient : Arachides, Lait, ≈íufs et Soja, peut contenir des traces des fruits √† coque. Attention: la consommation de 40 grammnes effet laxatif. EN: Nougat coated with cocoa, milk chocolate flavor with caramel and roasted peanuts. Ingredients: Sugar, Glucose syrup, Peanuts (20%), Cocoa powder. Dairy powders (Whole mill teins), Vegetable fats (Palm, Palm kernel), Butter, Egg white powder, Raising powder (Sodium bicarbonate E500), Humectant (Sorbitol), Emulsifier of plant origin (soy lecithin E322, Mono and E471) polyglycerol polyricinoleate E476), salt and Flavor (vanillin). Contains: Peanuts, Milk, Eggs and Soy, may contain traces of nuts.Warning: consuming 40 grams of sorbitol per day can cause a laxative sabor chocolate ao leite com caramelo e amendoim torrado. Ingredientes: A√ß√∫car, xarope de glicose, amendoim (20%), cacau em p√≥, latic√≠nios em p√≥ (leite em p√≥ integral, leite em p√≥ desnatado ma, palmiste), manteiga, cara de ovo em p√≥, fermento em p√≥ (sodio). bicarbonato E500), Umectante (Sorbitol), Emulsificante de origem vegetal (lecitina de soja E322, Mono e diglicerideos de de poiglicerol E476), sal e sabor (vanilina). Cont√©m: Amendoim, Leite, Ovos e Soja, pode conter vestigios de nozes. Aten√ß√£o: consumir 40 gramas de sorbitol por dia pode causar efeito laxante NL coladesmaak met karamel en geroosterde pinda's. Ingredi√´nten: Suiker, Glucosestroop, Pinda's (20%), Cacaopoeder, Zuivelpoeders (Volle melkpoeder, Magere melkpoeder, Melkeiwitten), Plantor Eneder, Rijspoeder (Natrium bicarbonaat E500), bevochtigingsmiddel (sorbitol), emulgator van plantaardige oorsprong (sojalecithine E322, mono - en diglyceriden van vetzuren (6471), polyg if (vanilline). Bevat Pinda's, Melk, Eieren en Soja, kan sporen van noten bevatten. Waarschuwing: het consumeren van 40 gram sorbitol per dag kan een laxerend effect veroorzaken ÿ≥ŸàŸÉÿ± ŸÑÿßÿ™ÿ© ÿßŸÑÿ≠ŸÑŸäÿ® ŸÖÿπ ÿßŸÑŸÉÿ±ÿßŸÖŸäŸÑ ŸàÿßŸÑŸÅŸàŸÑ ÿßŸÑÿ≥ŸàÿØÿßŸÜŸä ÿßŸÑŸÖŸÉŸàŸÜÿßÿ™ ÿ≥ŸÉÿ±ÿå ÿ¥ÿ±ÿßÿ® ÿßŸÑÿ¨ŸÑŸàŸÉŸàÿ≤ÿå ŸÅŸàŸÑ ÿ≥ŸàÿØÿßŸÜŸä (20%) ŸÖÿ≥ÿ≠ŸàŸÇ ÿßŸÑŸÉÿßŸÉÿßŸàÿå ŸÖÿ≥ÿßÿ≠ŸäŸÇ ÿßŸÑÿ≠ŸÑŸäÿ® ( ŸÖÿ≥ÿ≠ŸàŸÇ ÿßŸÑÿ≠ŸÑŸäÿ® ŸÉÿßŸÖŸÑ ÿßŸÑÿØÿ≥ŸÖ ŸÖÿ≥ÿ≠ŸàŸÇ ÿßŸÑÿ≠ŸÑŸäÿ® ŸÖŸÜÿ≤Ÿàÿπ ÿßŸÑÿØÿ≥ŸÖÿå ÿ®ÿ±Ÿàÿ™ŸäŸÜÿßÿ™ ÿßŸÑÿ≠ŸÑŸäÿ®) ÿØŸáŸàŸÜ ŸÜÿ®ÿßÿ™Ÿäÿ© ÿßŸÑÿ™ÿÆŸäŸÑ ŸÜŸàŸÇÿß ÿßŸÑŸÖÿØÿ±ÿ®ŸàŸÜÿßÿ™ ÿßŸÑÿµŸàÿØŸäŸàŸÖ (2500) ŸÖÿ±ÿ∑ÿ® (ÿ≥Ÿàÿ±ÿ®Ÿäÿ™ŸàŸÑ)ÿå ŸÖÿ≥ÿ™ÿ≠ŸÑÿ®ÿßÿ™ ŸÖŸÜ ÿ£ÿµŸÑ ŸÜÿ®ÿßÿ™Ÿä (ÿßŸÑŸÖÿ≥Ÿäÿ¶ŸäŸÜ ÿßŸÑÿµŸàŸäÿß 322 ÿå ÿ£ÿ≠ÿßÿØŸä Ÿàÿ´ŸÜÿßÿ¶Ÿä ÿ¨ŸÑŸäÿ≥ÿ±ŸäÿØÿßÿ™ ŸÖŸÜ ÿßŸÑÿ£ÿ≠ŸÖÿßÿ∂ ÿßŸÑÿØŸáŸÜŸäÿ© E471 ÿå ŸÖÿ™ÿπÿØÿØ ÿ¨ŸÑŸäÿ≥Ÿäÿ±ŸàŸÑ ŸÖÿ™ÿπÿØÿØ ÿ±Ÿäÿ≥ŸäŸÜŸàŸÑŸäÿßÿ™ E476 ÿå ŸÖŸÑÿ≠ ŸàŸÜŸÉŸáÿ© ( ŸÅÿßŸÜŸäŸÑŸäŸÜ). Ÿäÿ≠ÿ™ŸàŸä ÿπŸÑŸâ ÿßŸÑŸÅŸàŸÑ ÿßŸÑÿ≥ŸàÿØÿßŸÜŸä ŸÖŸÜ ÿßŸÑÿ¥ŸàÿßŸÉŸá ÿßŸÑÿ¨ÿßŸÅÿ© ÿå ÿ™ÿ≠ÿ∞Ÿäÿ± ÿ™ŸÜÿßŸàŸÑ 40 ÿ¨ÿ±ÿßŸÖÿß ŸÖŸÜ ÿßŸÑÿ≥Ÿàÿ±ÿ®Ÿäÿ™ŸàŸÑ ŸäŸàŸÖŸäÿß ŸäŸÖŸÉŸÜ ÿ£ŸÜ Ÿäÿ≥ÿ®ÿ® ÿ™ÿ£ÿ´Ÿäÿ±ÿß ŸÖŸÑŸäŸÜÿß.",412.0,7.0,18.5,54.6
Sabl√©s chocolat,"Farine (39%)(farine de bl√©, calcium, fer, niacine, thiamine), chocolat au lait (30%) [sucre, beurre de cacao, masse de cacao, lait √©cr√©m√© en poudre, lactos√©rum en poudre (lait), beurre p√¢tissier (lait), graisses v√©g√©tales (karit√©, palme), √©mulsifiants (l√©cithine de soja, E476), ar√¥me naturel), huile de palme, farine de bl√© compl√®te (9%), sucre, sirop de glucose-fructose, poudre √† lever (carbonate de sodium, acide malique, carbonates d'ammonium), sel.",496.0,6.7,23.6,62.5
Peanut Butter Oat Bars,"Gluten Free Oats (41%), Rice Syrup, Peanuts (15%), Coconut Oil, Coconut Sugar, Date Syrup, Peanut Butter (4%), Rapeseed Oil, Salt.",460.0,10.1,23.6,49.9
Protein Cocoa Hazelnut Bar,"Dates (38%), _Peanuts_ (35%), Chicory fibre (10%), _Peanut_ flour (8%), _Hazelnuts_ (5%), Fat-reduced cocoa powder (3%), Natural flavourings.",424.0,16.0,21.8,49.3
Kinder Bueno,"milk chocolate 31,5 % (sugar, cocoa butter, cocoa mass, skimmed milk powder, concentrated butter, emulsifiers: lecithins [soya], vanillin), sugar, palm oil, wheat flour, ground hazelnuts 10,8%, skimmed milk powder, milk powder, dark chocolate (sugar, cocoa mass, cocoa butter, emulsifiers: lecithins [soya], vanillin), lean cocoa, emulsifiers: lecithins [soya], raising agents (sodium acid carbonate, ammonium acid carbonate), salt, vanillin,",572.0,8.6,37.3,49.5
Wheat Biscuits,"British Wholegrain Wheat (95%), Malted Barley Extract, Sugar, Salt, Niacin, Iron, Vitamin B2 (Riboflavin), Vitamin B1 (Thiamin), Folic Acid.",358.0,12.0,2.0,68.1
Shortbread Fingers,"Wheat flour (wheat flour, calcium carbonate, iron, niacin, thiamin), butter (milk) (34%), sugar, salt.",533.0,5.6,30.3,58.4
Chips saveur fromage du Jura,"Pommes de terre (France) (60,9 %), huile de tournesol (31 %), fromage du Jura fondu en poudre (5,3 %) (√©labor√© exclusivement avec du Comt√© AOP), sel, petit lait en poudre, ar√¥me naturel, dextrose, poivre blanc, colorant : curcumine.",522.0,6.3,31.0,52.0
Top cookies,"Farine de bl√©, sucre, Graisses v√©g√©tales (palme , palmiste)cacao en poudre(2.5%), r√©gulateur d'acidit√© (acide citrique (E330), acide tartrique (E334)), √©mulsifiant v√©g√©tal (l√©cithine de soja (E322)),mono et diglycerides d‚Äôacide gras E472a , poudre √† lever (bicarbonate d'ammonium E503ii et bicarbonate de sodium E500ii ), sel et ar√¥me (vanilline)",494.0,5.8,21.0,71.0
Fine Milled Oatcakes,"Wholegrain _Oats_ (88%), Sustainable Palm Fruit Oil, Sea Salt, Raising Agent: Sodium Bicarbonate.",462.0,10.9,19.9,55.0
Chips de lentilles saveur tomate mozza,"Farine de lentille (37%), huiles v√©g√©tales (tournesol, colza), farine de riz, farine de ma√Øs, amidons, lactos√©rum en poudre (LAIT), sel, sucre, chlorure de potassium, ar√¥me naturel, tomate, persil, oignon, poivre vert, ail, mozzarella en poudre (LAIT).",452.0,13.0,19.0,54.0
Fruit & Seed Oatcakes,"Wholegrain _Oats_ (68%), Currants (12%) (Currants, Sunflower Oil), Brown Sugar, Sustainable Palm Fruit Oil, Brown Flaxseeds (6%), Raising Agent: Sodium Bicarbonate, Sea Salt.",437.0,9.6,15.5,60.2
Milka oreo,"MILK CHOCOLATE (47%). INGREDIENTS: SUGAR, COCOA BUTTER, SKIMMED MILK POWDER (FROM COW), COCOA MASS, WHEY POWDER (FROM MILK), MILK FAT, *EMULSIFIER (SOYA LECITHIN), HAZELNUT PASTE, *ARTIFICIAL VANILLIN FLAVOUR. MILK CHOCOLATE CONTAINS: COCOA SOLIDS 25% MINIMUM. VANILLA FLAVOURED FILLING (41%). INGREDIENTS: NON-HYDROGENATED VEGETABLE OIL (PALM FRUIT), SUGAR, WHEY PERMEATE (FROM MILK), FULL CREAM MILK POWDER (FROM COW), *EMULSIFIER (SOYA LECITHIN), *ARTIFICIAL VANILLIN FLAVOUR. COCOA BISCUIT PIECES (12%). INGREDIENTS: WHEAT FLOUR (GLUTEN), SUGAR, NON-HYDROGENATED VEGETABLE OIL (PALM FRUIT), FAT REDUCED COCOA POWDER, GLUCOSE SYRUP, *RAISING AGENTS (SODIUM BICARBONATE, AMMONIUM BICARBONATE), SALT, *EMULSIFIER (SOYA LECITHIN), *ARTIFICIAL VANILLIN FLAVOUR. *REFERS TO FOOD GRADE ADDITIVE. CONTAINS: MILK, HAZENUT, WHEAT (GLUTEN), SOYA. MAY CONTAIN: OTHER NUTS",559.0,5.0,35.0,56.0
Chocolate negro,"Pasta de cacao*, az√∫car*, manteca de cacao*, emulgente: lecitinas* (girasol), extracto de vainilla*.",567.0,9.6,42.0,32.0
Cocoa Orange,"Dates (42%), Cashews (34%), Raisins (19%),  Cocoa (4%), natural flavouring.",394.0,8.7,16.0,51.0
Savane,"Farine de BLE 26,1%, OEUFS frais, sucre, huile de colza, chocolat 5,8% (sucre, p√¢te de cacao, beurre de cacao, √©mulsifiant : l√©cithines, ar√¥me naturel de vanille), fibre de racine de chicor√©e, stabilisant : glyc√©rol, jaune d'OEUF, gomme d'acacia (fibre soluble), poudres √† lever : carbonates de sodium - citrates de sodium, cacao en poudre, sel, fibres de BLE, amidon de ma√Øs, ar√¥me.",431.0,5.9,24.0,45.0
Nutabella,"Nutabella ÿßŸÑŸÖŸÉŸàŸÜÿßÿ™ : ÿ≥ŸÉÿ±ÿå ÿ≤ŸäŸàÿ™ Ÿà ÿØŸáŸàŸÜ ŸÜÿ®ÿßÿ™Ÿäÿ©ÿå ŸÖÿ≥ÿ≠ŸàŸÇ ÿßŸÑŸÉÿßŸÉÿßŸà (AR) ŸÖÿ≥ÿ≠ŸàŸÇ ŸÖÿµŸÑ ÿßŸÑÿ≠ŸÑŸäÿ®ÿå ŸÖÿ≥ÿ™ÿ≠ŸÑÿ® ŸÑŸäÿ≥ÿ™ŸäŸÜ ÿßŸÑÿµŸàÿ¨ÿß ÿå ŸÖŸÑÿ≠ ÿå ŸÜŸÉŸáÿßÿ™ ÿßŸÑÿ®ŸÜÿØŸÇ ŸàÿßŸÑŸÅÿßŸÜŸäŸÑÿß (F) INGR√âDIENTS: Sucre, huiles et graisses v√©g√©tales, cacao en poudre, lactos√©rum en poudre Emulsifiant : l√©cithine de soja, sel, ar√¥mes noisettes & vanille. (E) INGREDIENTS: Sugar, vegetable oils and fats, cocoa powder, whey powder Emulsifier : soy lecithin, salt, hazelnut aromas & vanilla. INGREDIENTES: Az√∫car, aceites y grasas vegetales,cacao polvo, suero en polvo Emulsionante lecitina de soja, sal, aromas de avellanas & vainika VALEUR NUTRITIONELLE NUTRITIONAL VALUE 100g",2186.0,1.31,25.5,71.8
Absolute black dark chocolate,Cocoa solids 100%.,601.0,13.0,54.0,8.0
Flash Wondermint Gum,"Sugar, Gum base, glucose syrup, Peppermint flavor, Humectant: glycerin, Emulsifier: soya lecithin.",350.0,4.1,2.1,78.0
Biscuits Mega Duo imp,"Fourrage go√ªt chocolat 42% (sucre, graisse v√©g√©tale (palme et palmiste), cacao maigre en poudre 15%, amidon de _bl√©_, ar√¥me, √©mulsifiant (l√©cithine de _soja_), ar√¥me naturel), farine de _bl√©_, sucre, huile v√©g√©tale (tournesol haut ol√©ique), sirop de fructose, prot√©ines de _lait_, poudre √† lever (carbonate acide d'ammonium, carbonate acide de sodium), _lait_ √©cr√©m√© en poudre, sel, √©mulsifiant (l√©cithine de _soja_), ar√¥me, antioxydant (disulfite de sodium)",480.0,5.9,20.0,67.0
Dark Chocolate Chip Oat Biscuits,"Wholegrain Oats (59%), Dark Chocolate Chips (9%) (Sugar, Cocoa Mass, Cocoa Butter, Emulsifier: Soya Lecithin, Natural Vanilla Flavouring), Sustainable Palm Fruit Oil, Brown Sugar, Dark Chocolate Powder (5%) (Sugar, Cocoa Mass, Fat Reduced Cocoa Powder), Partially Inverted Refiners Syrup, Dietary Fibre (Oligofructose), Barley Malt Syrup, Raising Agent: Sodium Bicarbonate, Sea Salt, Natural Cocoa Flavouring.",454.0,8.1,16.9,63.8
180G LT NOISETTE COTE D OR,"Sucre, NOISETTES (24%), p√¢te de cacao, beurre de cacao, LAIT √©cr√©m√© en poudre, lactos√©rum en poudre (de LAIT), BEURRE concentr√©, √©mulsifiant (l√©cithines de SOJA), ar√¥me naturel de vanille, ar√¥me.",555.0,9.3,36.0,45.0
Peru Dark Chocolate,"Cocoa Mass, Cocoa Butter, Sugar, Flavouring.",630.0,10.0,54.0,20.0
merci Finest Selection Assorted Chocolates,"sugar, cocoa butter, cocoa mass, whole  milk  powder, vegetable fats (palm, shea),  hazelnuts  (3,8%),  almonds  (3,4%), cream powder ( milk ), skimmed  milk  powder, lactose ( milk ),  buttermilk  powder, butterfat ( milk ), dextrose, fat reduced cocoa, fructose, emulsifier:  soya  lecithin, glucose syrup, invert sugar syrup, coffee, flavourings, salt,",563.0,7.8,36.1,49.9
Speculoos - Original,"Farine de bl√©, sucre, huiles V√©g√©tales (huile de palme, huile de colza), sirop de sucre candi, poudre lever (carbonate acide de sodium), farine de soja, sel, cannelle.",484.0,4.9,19.0,72.6
Biscuits Germe de Bl√© et P√©pites de Chocolat,"Farine de bl√© , sucre , huile de colza , 9,5 % p√©pites de chocolat (p√¢te de cacao*, sucre, beurre de cacao* √©mulsifiant : l√©cithines de soja) , 5,5% germe de bl√©, farine de ma√Øs , magn√©sium , poudres √† lever: tartrates de potassium, carbonates de sodium, carbonates d'ammonium, fibres d'avoine , ar√¥me naturel , sel de mer , √©mulsifiant : l√©cithines de colza , amidon natif de bl√© , vitamines : E, B6, B9,",467.0,9.1,18.0,65.0
nakd peanut butter protein bar,"Dates (39%), peanuts (30%), peanut butter (10%), peanut flour (10%), chicory fibre (10%), sea salt, natural flavouring.",443.0,17.4,21.9,39.3
100G POULAIN LIGNE NR,"P√¢te de cacao, √©dulcorant (maltitol), beurre de cacao, cacao maigre en poudre, ar√¥me naturel, √©mulsifiant (l√©cithines de soja). Cacao : 70% minimum. Contient des traces de lait. Peut contenir c√©r√©ales et fruits √† coque. Une consommation excessive peut avoir des effets laxatifs.",539.0,7.6,44.0,34.0
Barre c√©r√©ales Prot√©ines peanut& chocolatüç´,"Cacahu√®tes grill√©es (39%), oligofructose, prot√©ine isol√©e de soja, morceaux de chocolat (8%) (sucre, p√¢te de cacao, beurre de cacao, √©mulsifiant (l√©cithine de soja)), huiles et graisses v√©g√©tales (palme, colza, tournesol en proportions variables), sucre, prot√©ines de lait, fructose, sirop de glucose, beurre de cacahu√®tes (2%), cacao maigre en poudre, humectant (glyc√©rol), amidon de tapioca, √©mulsifiants (l√©cithines (contient du soja), sel de cuisine, ar√¥mes naturels (contient du lait), maltodextrine, antioxydant (extrait riche en tocoph√©rols),",492.0,25.6,30.1,22.9
Nature Valley Crunchy Oats & Honey,"whole grain rolled oats (59%), sugar, sunflower oil, honey (2%), salt, molasses, emulsifier: sunflower lecithin, raising agent: sodium bicarbonate",467.0,8.7,18.1,64.3
B'ono Wafer,"Graisses v√©g√©tales non hydrog√©n√©es (palme), sucre, farine de bl√© tendre, cacao en poudre (16%), lait √©cr√©m√© en poudre, dextrose, p√¢te de noisette, sel, poudre levante (bicarbonate de sodium), √©mulsifiant v√©g√©tale (l√©cithine de soja (E322)), amidon de ma√Øs natif.",508.0,6.4,31.0,51.5
"B√¢tonnets de c√©r√©ales fourr√©s (47,5 %) au chocolat - Cracotte Chocolat","Farine de _bl√©_ 47 %, sucre, huiles v√©g√©tales (palme, colza en proportions variables), chocolat 10 % (cacao maigre en poudre, p√¢te de cacao, sucre), lactos√©rum en poudre (de _lait_), √©mulsifiants (l√©cithine de _soja_, l√©cithine de tournesol), sel, min√©ral (diphosphate ferrique).",456.0,7.51,16.2,66.1
Tortilla Nachips Original,"whole corn kernels, high oleic sunflower oil, salt.",490.0,7.67,23.7,59.0
Tentation aiguebelle,"P√¢te de cacao, sucre, beurre de cacao, √©mulsifiant : l√©cithine de soja.&quot;Peut contenir du lait&quot;.",582.0,10.0,49.6,15.0
Nut & fruit mix classic,"40% —Å–≤–µ—Ç–ª–∏ —Å—Ç–∞—Ñ–∏–¥–∏ (—Å–≤–µ—Ç–ª–∏ —Å—Ç–∞—Ñ–∏–¥–∏, —Å–ª—ä–Ω—á–æ - –≥–ª–µ–¥–æ–≤–æ –º–∞—Å–ª–æ), 20% –±–ª–∞–Ω—à–∏—Ä–∞–Ω–∏ –±–∞–¥–µ–º–∏, 15% –æ—Ä–µ—Ö–∏, 10% –ª–µ—à–Ω–∏—Ü–∏, 10% –±—Ä–∞–∑–∏–ª—Å–∫–∏ –æ—Ä–µ—Ö–∏, 5% –∫–∞—à—É. –ú–æ–∂–µ –¥–∞ —Å—ä–¥—ä—Ä–∂–∞ —Å–ª–µ–¥–∏ –æ—Ç –¥—Ä—É–≥–∏ —è–¥–∫–∏, —Ñ—ä—Å—Ç—ä—Ü–∏.",534.0,13.4,36.9,33.8
Baiocchi nocciola 260g,"Biscuit: Farine de BL√â 51,6%*, sucre, huile de tournesol, OEUFS, LAIT en poudre √©cr√©m√©, LAIT entier pasteuris√©, sel, poudres √† lever (carbonate acide de sodium, tartrate monopotassique, carbonate acide d'ammonium), amidon de BL√â, ar√¥me. Fourrage aux NOISETTES et au cacao 28%*: sucre, graisses et huiles v√©g√©tales (karit√©, tournesol), NOISETTES 7,1%*, cacao 2,6%*, LAIT en poudre √©cr√©m√©, amidon de BL√â, ar√¥me. *% exprim√© sur le produit fini. Peut contenir des traces d'autres FRUITS A COQUE, MOUTARDE et SOJA.",510.0,8.0,26.0,59.0
Table Water Biscuits,"Flour (_Wheat Flour_, Calcium, Iron, Niacin, Thiamin), Vegetable Oil (Palm), Salt. May also contain _Sesame Seeds_.",417.0,10.1,7.7,74.7
B-ready 6 pi√®ces,"P√¢te √† tartiner aux NOISETTES et au cacao 81,5% (sucre, huile de palme, NOISETTES 13%**, LAIT √©cr√©m√© en poudre 8,7%**, cacao maigre 7,4%**, √©mulsifiants: l√©cithines [SOJA]; vanilline), farine de FROMENT 16%, levure de bi√®re, extrait de malt d'ORGE, sel, LAIT √©cr√©m√© en poudre, √©mulsifiants : l√©cithines [SOJA]; prot√©ines de FROMENT, prot√©ines de LAIT. **Correspond √† 10,6% de noisettes, 7% de lait √©cr√©m√© en poudre et 6% de cacao maigre dans le produit fini.",521.0,7.2,27.0,60.7
Cheese & Onion Flavour Potato Crisps,"Potatoes, Vegetable Oils (Sunflower, Rapeseed
in varying proportions), Cheese & Onion Seasoning [Dried
Onion, Sait, Dried Milk Whey, Lactose(from Milk, Sugar,
Flavouring (contains Milk, Cheese Powder (from Milk),
Dried Yeast, Acids (Citic Acid, Malic Acid), Whey Protein
(from Mik), Dried Garlic Colours (Annatto Bixin, Paprika
Extract), Antioxidants (Rosemary Extract, Ascorbic Acid
Tocopherol Rich Extract, Citric Acid).",514.0,6.3,29.0,54.0
Pim's Sinaasappel,"orange marmalade 41% (glucose-fructose syrup, sugar, orange pulp 4,5%, concentrated orange juice 1,4% (equivalent orange juice 7,8%), concentrated orange pulp 0,6% (orange pulp equivalent 2,6%), gelling (pectins), acidifier (citric acid), acidifier (calcium citrate, sodium citrate), natural orange aroma, thickening (xanthan gum)), chocolate 24,9% (sugar, cocoa paste, cocoa butter, vegetable fats (illip, mango, sal, shea and palm in varying proportions) ,    aroma, emulsifier (soy lecithin), lactose and milk proteins), wheat flour, sugar, eggs, glucose-fructose syrup, rapeseed oil, upright powder (ammonium acid carbonate, disodium diphosphate, sodium acid carbonate), salt, emulsifier (soy lecithin),",397.0,3.3,13.0,66.0
Dark Chocolate Nuts & Sea Salt Bars,"Almonds, peanuts, dark chocolate coating (sugar, cocoa mass, cocoa butter, emulsifier (soya lecithin), natural flavouring), chicory root fibre, honey, glucose syrup, rice crisps (rice flour), cocoa mass, sea salt, emulsifier (soya lecithin). (May contain: other nuts, milk.)",523.0,17.0,37.0,24.0
Noir intense dessert 70%,"P√¢te de cacao, sucre, cacao maigre, beurre de cacao, √©mulsifiant (l√©cithine de soja), ar√¥me naturel de vanille, Peut contenir du lait et des fruits √† coque,",587.0,6.1,40.0,50.0
Biscuits Soja Figue,"Farine de _bl√©_, sucre de canne roux, huile de colza, farine compl√®te de _bl√©_, flocons de _soja_ 10,4%, p√¢te de figues 7%, germe de _bl√©_ 5,6%, amidon de _bl√©_, √©mulsifiant : l√©cithines de colza, magn√©sium, ar√¥me naturel, poudres √† lever (acide citrique, carbonates de sodium), vitamines (E, PP, B5, B6, B1, B9),
Fabriqu√© dans un atelier qui utilise des _fruits √† coque_, du _lait_, du _s√©same_ et du _lupin_,",447.0,12.0,16.0,61.0
CREAM CRACKERS,"Wheat Flour (Wheat Flour, Calcium Carbonate, Iron, Niacin, Thiamin), Palm Oil, Salt, Raising Agent (Sodium Bicarbonate), Yeast.",443.0,10.0,13.7,68.6
Le petit Gerbl√© nature,"Farines (bl√© 36,9%, bl√© complet 18,5%), sucre de canne roux, huile de colza, flocons de bl√© complet 11,8%, germe de bl√© 10,2%, jus concentr√© de citron, poudre √† lever : carbonates de sodium.",449.0,10.0,14.0,68.0
Bastogne,"Farine de _bl√©_ 45,6 %, sucre, huile de palme, poudre de sucre candi 10 %, sirop de glucose-fructose, _≈ìufs_, sirop de sucre candi, poudre √† lever (carbonate acide de sodium), sirop de glucose, colorant (caramel ordinaire), cannelle en poudre 0,2 %, sel, ar√¥me",485.0,4.7,20.0,71.0
90G FERRERO ROCHER TABLETTE LT,"en France par 0800 553 553 A/N,V,, Chauss√©e de la Hulpe/ Steenweg 187, Bruxelles/Brussel/Br√ºssel (EU), 0800 21042 - Westbroek 58, NL-4822 ZW Breda (EU), 00800 2104 2104 er au sec et √† l'abri de la chaleur, mer de pr√©f√©rence avant le: 18¬∞C 22¬∞C it de warmte bewaren, Ten minste houdbaar tot: rocken aufbewahren,",614.0,6.2,44.4,46.2
Snickers,"Milk Chocolate (Sugar, Cocoa Butter, Chocolate, Skim Milk, Lactose, Milkfat, Soy Lecithin), Peanuts, Corn Syrup, Sugar, Palm Oil, Skim Milk, Lactose, Salt, Egg Whites, Artificial Flavor. PEANUTS, MILK, EGG AND SOY. TREE NUTS.",490.0,8.7,23.0,60.0
Cashew-Cranberry-Mix,"cashews, cranberries, sugar, sunflower oil",471.0,10.4,24.0,50.6
Chamonix,"Sirop de glucose-fructose, farine de _bl√©_, sucre, pur√©e d'orange 5 %, jus d'orange √† base de concentr√© 7,4% (jus d'orange concentr√© 1,4 %), huile de colza, jaunes d‚Äô_≈ìufs_ en poudre, stabilisant (glyc√©rol), poudre √† lever (carbonates d'ammonium), correcteur d'acidit√© (acide citrique), g√©lifiant (pectines), ar√¥mes, conservateur (sorbate de potassium), colorant (norbixine (rocou)). Peut contenir _lait_, _s√©same_ et _fruits √† coque_.",340.0,4.15,1.54,75.4
Twix Twin,"sugar, glucose syrup, wheat flour (17%), palm fat, cocoa butter, skimmed milk powder, cocoa mass, lactose, milk fat, whey powder (from milk), fat reduced cocoa, salt, emulsifier (soya lecithin), raising agent (e500), natural vanilla extract. may contain hazelnuts and almonds.",492.0,4.4,23.6,64.0
AFTER EIGHT Coffret 300g,"Sucre, p√¢te de cacao, sirop de glucose, mati√®res grasses v√©g√©tales (palme, karit√©, palmiste), beurre de cacao, mati√®re grasse de LAIT anhydre, √©mulsifiant (l√©cithines), stabilisant (invertase), huile essentielle de menthe poivr√©e, acidifiant (acide citrique). Peut contenir : ARACHIDES, FRUITS A COQUE (NOISETTES) et LAIT.",426.0,2.2,13.3,72.9
Cookie Chocolat saveur noisette Sans sucres,"Farine de bl√© 53,2%, √©dulcorant : maltitols, p√©pites de chocolat avec √©dulcorant 13,3% (p√¢te de cacao, √©dulcorant : maltitols, beurre de cacao', √©mulsifiant: l√©cithines), huile de colza, noisettes torr√©fi√©es 5%, fibres de bl√©, √©mulsifiant : l√©cithines, ar√¥mes naturels, poudres √† lever (acide citrique, carbonates de sodium, carbonates d'ammonium), sel de mer.",445.0,8.0,20.0,64.0
Biscuit chocolat saveur amande,"Farine de bl√© 53,7%, huile de colza, p√©pites de chocolat 9,9% (p√¢te de cacao, sucre, beurre de cacao, √©mulsifiant : l√©cithines de soja), sucre de canne roux, amandes torr√©fi√©es 6,6%, germe de bl√© 5,1%, sirop de glucose, fructose, ar√¥me naturel, magn√©sium, farine de riz, √©mulsifiant : l√©cithines de colza, fibres d'avoine, farine d'avoine, poudres √† lever (carbonates de sodium, acide citrique, carbonates d'ammonium), farine de seigle, calcium, farine de ma√Øs, sel, prot√©ines de lait, lactos√©rum en poudre, extrait de malt d'orge, amidon de bl√©, vitamines B6, D, E (lactose, prot√©ines de lait).",464.0,10.0,18.0,63.0
"Gerbl√© - Sugar Free Sesame Vanilla Cookie, 132g (4.7oz)","Farine de bl√© 54,1%, √©dulcorant : maltitols d'origine v√©g√©tale, huile de colza, amidon de bl√©, s√©same toast√© 5,6%, fibre de bl√©, sel de mer, √©mulsifiant : l√©cithines de colza, poudres √† lever (acide citrique, carbonates d'ammonium), ar√¥me naturel.",442.0,8.1,18.0,67.0
"Gerbl√© - Sabl√©s sans sucres saveur citron et Yuzu, 132g (4.7oz)","Farine de bl√© 57,7%, √©dulcorant : maltitols d'origine v√©g√©tale, huile de colza, amidon de bl√©, fibres de bl√©, ar√¥me naturel, ar√¥me naturel de citron avec autres ar√¥mes naturels, √©mulsifiant: l√©cithines de colza, sel de mer, poudres √† lever (acide citrique, carbonates d'ammonium).",424.0,6.0,15.0,72.0
Ferrero Rocher,"milk chocolate 30% (sugar, cocoa butter, cocoa mass, skimmed milk powder , concentrated butter , emulsifier: lecithins ( soya ), vanillin), hazelnuts (28,5%), sugar, palm oil, wheat flour , whey powder , fat-reduced cocoa, emulsifier: lecithins ( soya ), raising agent sodium bicarbonate, salt, vanillin,",603.0,8.2,42.7,44.4
Fakiat Barbeque,"Ma√Øs.  Huile v√©g√©tale, ar√¥me barbecue, 4% (ar√¥mes ‚Ä¢ Sel, extrait de levure. Contient du bl√©. Gluten et ses d√©riv√©s (E621. E635).",512.0,8.0,25.0,63.6
Sticks et bretzels d'Alsace,"Farine de _bl√©_, extrait de malt d'_orge_, huiles v√©g√©tales (tournesol, palme, colza en proportion variable), sel, levure, correcteur d'acidit√© : hydroxyde de sodium",391.0,10.0,4.8,73.0
Sea Salt & Balsamic Vinegar Crisps,"select potatoes, vegetable oils (rapeseed oil, sunflower oil), seasoning with sea salt and balsamic vinegar of modena (sea salt, balsamic vinegar of modena potato maltodextrin, sugar, potato starch, acid: citric acid; natural flavourings).",513.0,6.2,29.3,54.1
Excellence Noir Orange Intense,"sucre, p√¢te de cacao, amandes 7%, jus d'orange √† base de concentr√© 3,9%, beurre de cacao, beurre laitier concentr√©, sucre inverti, jus de citron √† base de concentr√©, √©mulsifiant (l√©cithine de soja), ananas, g√©lifiant (pectine), ar√¥me naturel d'orange, Peut contenir des graines de s√©same et d'autres fruits √† coque,",535.0,7.0,32.0,51.0
Crousti'Son Miel üçØüêùS√©same,"Farine compl√®te de bl√© 32,1%, farine de bl√© 28,5%, huile de colza, sucre de canne roux, fibres de chicor√©e : fructooligosaccharides, miel toutes fleurs 5,2%, s√©same toast√© 5,2%, farine de riz, farine d'avoine, ar√¥me naturel, farine de seigle, √©mulsifiant: l√©cithines de colza, farine de ma√Øs, poudres √† lever (tartrates de potassium, carbonates de sodium, carbonates de potassium), sel, lactos√©rum en poudre, sirop de malt d'orge.",439.0,8.8,16.0,59.0
pringles hot & spicy,"Pommes de terre d√©shydrat√©es, huiles v√©g√©tales, amidon de bl√©, assaisonnement piment et √©pices [√©pices, monosodique, inosinate disodique, guanylate disodique), en poudre (lait), tomate en poudre, bouillon en granules, lactose (lait), acidifiant (acide lactique), prot√©ines en poudre, piment en poudre, ail en poudre, sel.",503.0,4.3,32.0,51.0
Seabrook sea salt,"potatoes, sunflower oil (30%), sea salt",516.0,5.9,30.4,52.6
"Kinder - Delice x10, 390g (13.8oz)","sugar, vegetable fats (palm, shea, sal), glucose-fructose syrup, humectant: glycerol, rehydrated milk powder 7%, wheat flour 6,5%, skimmed milk powder 5%, dextrose, lean cocoa 3%, cocoa 3%, egg 2,5%, lactoserum powder, concentrated pear juice, wheat starch, milk powder 0,5%, emulsifiers (lecithins [soy], mono and diglycerides of fatty acids), baking powders (ammonium carbonate, sodium acid carbonate), lemon juice concentrate, flavourings, cocoa butter, salt, cocoa paste, concentrated butter",455.0,5.5,22.6,58.8
Fourr√©s chocolat lait noisettes,"Farine de bl√© 34%, chocolat au lait 25% (sucre de canne non raffin√©, beurre de cacao, lait en poudre, p√¢te de cacao), farine compl√®te de bl√© 15%, sucre de canne roux non raffin√©, huile de tournesol ol√©ique, noisettes hach√©es grill√©es 5%, lait √©cr√©m√© en poudre, sel marin non raffin√©, poudres √† lever : carbonates d'ammonium, carbonates de sodium, ar√¥me naturel de noisettes, √©paississant : gomme d‚Äôacacia, antioxydant : extrait de romarin",524.0,8.0,25.2,64.0
Tartines craquantes au sarrasin,"Farine de sarrasin (97,6%), sucre de canne complet (-2%), sel marin.",385.0,13.0,2.8,75.0
