Product Name,Brand,Calories (kcal),Proteins (g),Fat (g),Sugar (g),Salt (g),Carbohydrates (g),Code,Ingredients Text,Serving Suggestions
Tonik,Bimo,504.0,4.35,22.2,40.0,0.217,71.7,6111031005064,"Coffret fourrÃ© au cacao (41,6%) et Ã  la vanille (208) - IngrÃ©dients Farine de blÃ©, sucre, huile vÃ©gÃ©tale non hydrogÃ©nÃ©e (huile de palme), filtrat de lait, poudre de cacao Ã‰mulsifiant Ã  faible teneur en cacao (322) LÃ©cithine de soja) Agent levant (5000) Sucre artificiel (vanilline) Sel Contient du lait, du blÃ© (gluten) du soja",N/A
,Maruja,539.0,7.2,33.0,50.0,0.275,53.0,8425197712024,"sugar, cocoa butter, whole milk powder, cocoa mass, almonds, emulsifier (soya lecithin), flavoring",N/A
KING COOKIES,Excelo,483.0,5.2,24.0,32.0,0.27,61.5,6111259343108,Ø¯Ù‚ÙŠÙ‚Ø§Ù„Ù‚Ù…Ø­ØŒØ±Ù‚Ø§Ø¦Ù‚ Ø§Ù„Ø´ÙˆÙƒÙˆÙ„Ø§ØªÙ‡20%[Ø¹Ø¬ÙŠÙ†Ø© Ø²ÙŠØª Ø§Ù„Ù†Ø®Ù„Ø©.Ø§Ù„ÙƒØ§ÙƒØ§ÙˆØŒØ³ÙƒØ±ØŒØ¯ÙƒØ³ØªØ±ÙˆØ² Ùˆ Ù…Ø³ØªØ­Ù„Ø¨,N/A
PÃ¢te Ã  tartiner noisettes et cacao,Bonne Maman,551.0,6.7,34.0,51.0,0.1,53.0,3608580065340,"sucre, _noisettes_ 20%, huiles vÃ©gÃ©tales (tournesol, colza), _lait_ Ã©crÃ©mÃ© en poudre, cacao maigre en poudre 5,5%, beurre de cacao, Ã©mulsifiant : lÃ©cithine de tournesol, extrait de vanille, Peut contenir d'autres _fruits Ã  coque_,",N/A
poulain,Poulain,70.0,3.9,1.9,8.4,0.11,8.9,16256163,"Sucre, huile de tournesol, noisettes, cacao en poudre (7%), lait Ã©crÃ©mÃ© en poudre, lactosÃ©rum (de lait) en poudre, lactose (de lait), beurre de cacao Ã©mulsifiant : lÃ©cithines de soja), arÃ´me naturel de vanille.

Peut contenir autres fruits Ã  coque.",N/A
Le Beurre Tendre Doux,"Elle & Vire, Savencia",744.0,0.7,82.0,0.8,0.05,0.8,3451790988677,"cream (origin france), milk fat , lactic ferments,",N/A
Dark Chocolate 70%,"J.D. Gross,Lidl",565.0,8.4,41.5,27.2,0.03,33.8,20095291,"Cocoa Mass, Sugar, Cocoa Butter, Emulsifier: Soya Lecithins, Vanilla Extract.",N/A
Nutella,"Ferrero, Nutella",539.0,6.3,30.9,56.3,0.11,57.5,80176800,"Sugar, Palm oil, Hazelnuts, Skimmed milk powder, Low-fat cocoa, Emulsifier: Lecithins (SOY), Vanillin.",N/A
Nutella,Ferrero,539.0,6.3,30.9,56.3,0.11,57.5,4008400401621,"sugar, palm oil, hazelnuts (13%), skimmed milk powder (8,7%), fat-reduced cocoa (7,4%), emulsifier: lecithins (soya), vanillin",N/A
NestlÃ© Dessert,NestlÃ©,548.0,6.0,34.1,46.4,0.01,50.7,7613035040823,"Sucre, pÃ¢te de cacao (Afrique de l'Ouest, AmÃ©rique du Sud), beurre de cacao, Ã©mulsifiant (lÃ©cithine), arÃ´me naturel de vanille de Madagascar. Cacao : 53% minimum. Peut contenir : LAIT, FRUITS A COQUE.",N/A
Pains au lait x10,Pasquier,353.0,8.6,11.0,11.0,0.00275,55.0,3256540000698,"Farine de _blÃ©_ 43%, Levain 21% (Farine de _blÃ©_ 11%, Eau, Sel), Sucre, _Å’ufs_ frais 11%, _Beurre_ pÃ¢tissier, Huile de colza, Levure, _Lait_ Ã©crÃ©mÃ© en poudre (Ã‰quivalent Ã  10% de lait Ã©crÃ©mÃ© reconstituÃ©), Ã‰mulsifiant: mono et diglycÃ©rides d'acides gras, Sel, ProtÃ©ines de _blÃ©_, _Gluten_ de blÃ©, Extrait de carotte, Agent de traitement de la farine : acide ascorbique, ProtÃ©ines de _lait_",N/A
Nutella,"Ferrero, Nutella",539.0,6.3,30.9,56.3,0.107,57.5,8000500179864,"Sucre, graisse vÃ©gÃ©tale (palme), noisettes (13%), lait Ã©crÃ©mÃ© en poudre (8,7%), cacao maigre en poudre (7,4%), Ã©mulsifiant: lÃ©cithines (soja)(0,43%), arÃ´me: vanilline (0,02%). I",N/A
Brioche TranchÃ©e Bio 400g,La BoulangÃ¨re,336.0,8.8,9.4,13.0,0.95,52.0,3284230006408,"Farine de BLÃ‰*/** 54%, Å’UFS entiers*/** 14%, sucre de canne roux*, huile de tournesol*/** 8%, levain* (eau, farines de BLÃ‰*/** 2% et de SEIGLE*, levures), GLUTEN DE BLÃ‰*, sel, levure, arÃ´me naturel de vanille* (contient alcool*), extrait de vanille*, levure dÃ©sactivÃ©e. Traces Ã©ventuelles de lait, moutarde et soja. *IngrÃ©dients issus de l'Agriculture Biologique. **IngrÃ©dients issus du commerce Ã©quitable franÃ§ais.",N/A
Peripella,Peripella,555.0,5.1,35.0,52.0,0.13,53.0,6111250474405,"sucre, huile vÃ©gÃ©tale et graisse vÃ©gÃ©tale, lactosÃ©rum en poudre, poudre de cacao, pÃ¢te de noisettes, Ã©mulsifiants: lÃ©cithine de soja, arÃ´mes, antioxydants: E306 et E304i",N/A
La gÃ¢che tranchÃ©e,La FournÃ©e DorÃ©e,341.0,8.1,12.0,13.0,1.12,49.0,3587220002252,"Farine de blÃ© 52%, sucre, beurre frais 10%, Å“ufs entiers frais 8%, eau, crÃ¨me fraÃ®che 3%, sel, arÃ´mes naturels (alcool), levure, gluten de blÃ©, eau de vie, Ã©mulsifiant (E471), protÃ©ines de lait, levure dÃ©sactivÃ©e, bÃ©ta carotÃ¨ne",N/A
Chocolat Noir 92% cacao,Dark Excellente,580.0,15.0,49.0,10.0,0.0,14.0,8410510012196,"PÃ¢te de cacao, cacao en poudre dÃ©graissÃ©, beurre de cacao, sucre, lait en poudre, pÃ¢te de amandes et de noisettes, Ã©mulsifiants (lÃ©cithines (soja, tournesol)) et arÃ´me.",N/A
2 Bars Milk and Hazelnuts,"Kinder Bueno,Kinder",572.0,8.6,37.3,41.2,0.272,49.5,80052760,"_MILK_ chocolate 31.5% (sugar, cocoa butter, cocoa mass, skimmed _MILK_ powder, concentrated _BUTTER_, emulsifier: lecithins (_SOYA_), vanillin), sugar, palm oil, _WHEAT_ flour, _HAZELNUTS_ (10.5%), skimmed _MILK_ powder, whole _MILK_ powder, chocolate (sugar, cocoa mass, cocoa butter, emulsifier: lecithins (_SOYA_), vanillin), fat-reduced cocoa, emulsifier: lecithins (_SOYA_), raising agents (sodium bicarbonate, ammonium bicarbonate), salt, vanillin.",N/A
Runny Honey imp,Rowse,329.0,0.5,0.5,80.8,0.03,81.5,5011273040698,honey,N/A
Ecuador dark chocolate,Tesco finest,590.0,7.0,45.0,28.0,0.1,35.0,5059697731860,"Cocoa Mass, Sugar, Cocoa Butter, Flavouring,",N/A
Nutri+ avoine chocolat,Bjorg,454.0,8.2,18.0,17.0,0.61,61.0,3229820794525,"Flocons d'avoine* 31%, farine de blÃ©*, huile de colza*, sucre roux de canne*, pÃ©pites de chocolat noir* 9% (sucre de canne*, pÃ¢te de cacao*, beurre de cacao*), billes de riz* soufflÃ© (farine de riz*, sel), fibres d'acacia*, poudres Ã  lever :carbonates d'ammonium, carbonates de sodium, extrait de cacao*, cacao* maigre en poudre, jaune d'Å“uf* en poudre, sel marin, antioxydant: extraits de romarin*. IngrÃ©dients biologiques.",N/A
Strawberry Jam,Bonne Maman,241.0,0.4,0.1,59.0,0.0,59.0,3045320094008,"strawberries, sugar, cane sugar, concentrated lemon juice, gelling agent (fruit pectin),",N/A
digestives,McVitie's,483.0,7.0,21.3,15.1,1.3,63.6,5000168036755,"Flour (55%) (Wheat Flour, Calcium, Iron, Niacin, Thiamin), Vegetable Oil (Palm), Wholemeal Wheat Flour (16%), Sugar, Partially Inverted Sugar Syrup, Raising Agents (Sodium Bicarbonate, Malic Acid, Ammonium Bicarbonate), Salt. For allergens, including cereals containing gluten, see ingredients in bold. May also contain Milk. BY APPOINTMENT TO HER MAJESTY THE QUEEN BISCUIT MANUFACTURERS UNITED BISCUITS (UIO LIMITED, LONDON FOR SUITABLE FEGETARIAN V Suitable for Vegans 360a4",N/A
CookieğŸª cacao pÃ©pites Sans Sucre,GerblÃ©,414.0,8.0,18.0,0.0,0.21,61.0,3175681105423,"Farine de blÃ© 47%, Ã©dulcorant : maltitols, huile de colza, pÃ©pites de chocolat au maltitol 11,2% (Ã©dulcorant : maltitols, pÃ¢te de cacao, Ã©mulsifiant : lÃ©cithines de soja, cacao maigre en poudre, arÃ´me naturel de vanille), fibre de blÃ©, cacao maigre en poudre 4,2%, son d'avoine, sel de mer, Ã©mulsifiant : lÃ©cithines de tournesol, arÃ´me naturel, poudres Ã  lever (carbonates de sodium, carbonates d'ammonium), Ã©dulcorant : sucralose.",N/A
Dark milk chocolate,Tesco,597.0,9.9,44.6,33.6,0.23,36.2,5059697710001,"Dried Whole _Milk_, Cocoa Mass, Cocoa Butter, Sugar.",N/A
petit dÃ©jeuner miel et pÃ©pites de chocolat,belvita,409.0,5.7,15.0,26.0,1.4,60.0,16811207,"CÃ©rÃ©ales 59,7 % [cÃ©rÃ©ales complÃ¨tes 39,6 % (farine complÃ¨te de blÃ© 19,8 %, flocons d'avoine 10,6 %, farine complÃ¨te d'orge 4,9 %, farine complÃ¨te de seigle 3,3 %, farine complÃ¨te d'Ã©peautre (blÃ©) 1 %), farine de blÃ© 20,1 %1, sucre, huile de colza, pÃ©pites de chocolat 8,5 % [sucre, pÃ¢te de cacao, huiles vÃ©gÃ©tales (palme et karitÃ© en proportions variables), dextrose, beurre de cacao, Ã©mulsifiant (lÃ©cithines de soja)], miel de fleurs 5 %, sirop de glucose-fructose, minÃ©raux (carbonate de calcium, carbonate de magnÃ©sium, fer Ã©lÃ©mentaire), poudres Ã  lever (carbonates de sodium, diphosphates, carbonates d'ammonium), sel, Ã©mulsifiants (lÃ©cithines de soja, E472e), arÃ´me, lait Ã©crÃ©mÃ© en poudre",N/A
Chocolate Negro,Dark Excelente,569.0,14.0,47.0,12.0,0.02,17.0,8410510012202,"Ù…ÙƒÙˆÙ†Ø§Øª / INGREDIENTES / INGRÃ‰DIENTS Chocolate negro 85% cacao, Ingredientes: Pasta de cacao, cacao desgrasado en polvo, azÃºcar, manteca de cacao, leche en polvo, pasta de almendras y avellanas, emulgentes (lecitinas (soja, girasol)), y aroma, Cacao 85% mÃ­nimo, Puede contener trazas de otros frutos de cÃ¡scara, Conservar el producto en lugar fresco, seco y carente de olores,Temperatura Ã³ptima de conservaciÃ³n: 18Â°C, Chocolat noir 85% cacao, IngrÃ©dients : PÃ¢te de cacao, cacao en poudre dÃ©graissÃ©, sucre, beurre de cacao, lait en poudre, pÃ¢te de amandes et de noisettes, Ã©mulsifiants (lÃ©cithines (soja, toumeso!)) et arÃ´me, Cacao 85% minimum, Peut contenir des traces d'autres fruits Ã  coque, Conserver le produit dans endroit frais, sec et sans odeur,TempÃ©rature optimale de conservation: 18Â°C, Ø´ÙˆÙƒÙˆÙ„Ø§ØªØ© Ø¯Ø§ÙƒÙ†Ø© Ø¯Ø§Ø±Ùƒ % 85% ÙƒØ§ÙƒØ§Ùˆ Ø§Ù„Ù…ÙƒÙˆÙ†Ø§Øª Ø¹Ø¬ÙŠÙ†Ø© Ø§Ù„ÙƒØ§ÙƒØ§Ùˆ Ù…Ø³Ø­ÙˆÙ‚ Ø§Ù„ÙƒØ§ÙƒØ§Ùˆ Ø§Ù„Ø®Ø§Ù„ÙŠ Ù…Ù† Ø§Ù„Ø¯Ø³Ù…ØŒ Ø²Ø¨Ø¯Ø© Ø§Ù„ÙƒØ§ÙƒØ§ÙˆØŒ Ø³ÙƒØ±ØŒ Ù…Ø³Ø­ÙˆÙ‚ Ø§Ù„Ø­Ù„ÙŠØ¨ Ø¹Ø¬ÙŠÙ†Ø© Ø§Ù„Ù„ÙˆØ² Ùˆ Ø§Ù„Ø¨Ù†Ø¯Ù‚ Ù…Ø³ØªØ­Ù„Ø¨Ø§Øª Ù„Ø³ØªÙŠÙ† ( Ø§Ù„ØµÙˆØ¬Ø§ØŒ Ø¹Ø¨Ø§Ø¯ Ø§Ù„Ø´Ù…Ø³)) Ù†ÙƒÙ‡Ø§Øª, Ø§Ù„ÙƒØ§ÙƒØ§Ùˆ 85% Ø§Ù„Ø­Ø¯ Ø§Ù„Ø£Ø¯Ù†Ù‰ ÙÙŠ Ø§Ù„Ø´ÙƒÙˆÙ„Ø§ØªØ©, Ù‚Ø¯ ÙŠØ­ØªÙˆÙŠ Ø¹Ù„Ù‰ Ø¢Ø«Ø§Ø± ÙÙˆØ§ÙƒÙ‡ Ø¬Ø§ÙØ© Ø£Ø®Ø±Ù‰, ÙŠØ­ÙØ¸ Ø§Ù„Ù…Ù†ØªØ¬ ÙÙŠ Ù…ÙƒØ§Ù† Ø¨Ø§Ø±Ø¯ ÙˆØ¬Ø§Ù ÙˆØ®Ø§Ù„ÙŠ Ù…Ù† Ø§Ù„Ø±ÙˆØ§Ø¦Ø­ Ø¯Ø±Ø¬Ø© Ø­Ø±Ø§Ø±Ø© Ø§Ù„ØªØ®Ø²ÙŠÙ† Ø§Ù„Ù…Ø«Ù„Ù‰: 18 Ø¯Ø±Ø¬Ø© Ù…Ø¦ÙˆÙŠØ©, InformaciÃ³n nutricional / Information nutritionnelle / Ù…Ø¹Ù„ÙˆÙ…Ø§Øª ØºØ°Ø§Ø¦ÙŠØ© Por / Pour Por porciÃ³n / % IR por 10g porciÃ³n*/ 100g",N/A
Nutella,Ferrero,539.0,6.3,30.9,56.3,0.17,57.5,8000500082379,"sugar, palm oil,  hazelnuts  (13%), skimmed  milk  powder (8,7 %), lean cocoa (7,4 %), emulsifier: lecithins ( soya ), vanillin,",N/A
Tagger,Bimo,535.0,3.3,29.0,47.0,0.18,64.0,6111031005033,"Sucre, Huiles VÃ©gÃ©tales Non-HydrogÃ©nÃ©es (Palme, Palmiste), Farine De BlÃ©, Cacao Maigre en Poudre, LactosÃ©rum En Poudre, Emulsifiant (LÃ©cithine De Soja), Poudre A Lever (Bicarbonate De Sodium), Sel. CONTIENT LAIT, BLE (GLUTEN),SOJA",N/A
Wheat Biscuits,Tesco,358.0,12.0,2.0,4.4,0.28,68.0,5000119117359,"Wheat (95%), Malted Barley Extract, Sugar, Salt, Niacin, Iron, Riboflavin, Thiamin, Folic Acid. Allergy Advice",N/A
PÃ¢te Ã  tartiner noisette du Lot et Garonne cacao,Lucien Georgelin,552.0,8.6,33.0,55.0,0.13,56.0,3330720237361,"Sucre, huile de colza, noisette 16% (origine France), poudre de lait Ã©crÃ©mÃ©, poudre de cacÃ£o maigre 7%, Ã©mulsifiant: lÃ©cithine de tournesol. Traces possibles de sÃ©same et autres fruits Ã  coques. (*feves origine Afrique de l'Ouest)",N/A
N/A,DÃ©licia,250.0,0.5,0.3,61.33,0.0,61.33,6111162000822,,N/A
Kinder Bueno White,"Ferrero,Kinder",571.0,8.5,35.9,43.9,0.33,53.0,80761761,"white chocolate (cocoa butter, sugar, skimmed milk powder, concentrated butter, emulsifier: lecithins (soy), vanillin), sugar, palm oil, wheat flour, skimmed milk powder, whole milk powder, hazelnuts, whey powder, starch, fat reduced cocoa, sunflower oil, milk proteins, emulsifier: lecithins (soy), raising agents (ammonium hydrogen carbonate, sodium hydrogen carbonate), flavourings, salt",N/A
Be Nuts! PÃ¢te Ã  tartiner CacahuÃ¨te,Andros,612.0,22.0,49.0,12.0,0.53,18.0,3608580124108,"CacahuÃ¨tes torrÃ©fiÃ©es 85%, sucre, beurre de cacao, huile de tournesol, sel, extrait de vanille, Ã©mulsifiant : lÃ©cithine de tournesol,

Peut contenir des fruits Ã  coque et des graines de sÃ©same,",N/A
Biscuits pavot citron,GerblÃ©,454.0,8.9,16.0,16.0,0.36,66.0,3175681066632,"Farine de blÃ© 57,9%, huile de colza, sucre de canne roux, germe de blÃ© 5,6%, graines de pavot bleu 5%, amidon de blÃ©, fibre de blÃ©, fructose, citrons dÃ©shydratÃ©s 0,9%, jus concentrÃ© de citron, magnÃ©sium, amidon de maÃ¯s, sucre, poudre Ã  lever: carbonates de sodium, arÃ´me naturel de citron, sel de mer, vitamines (D, B6, B9, E).",N/A
Blueberry Muffin Myrtilles,Nakd,374.0,6.57,11.1,48.6,0.0285,57.1,5060088706534,"Dates 58%, _Cashews_ 15%, Raisins 15%, _Almonds_ 10%, Blueberries 2%, Natural Flavouring",N/A
merendina big,bimo,402.0,4.1,19.0,38.0,0.54,55.0,6111031005538,Merendina,N/A
Raspberry Conserve,Bonne Maman,239.0,0.7,0.2,57.0,0.0,57.0,3045320094084,"raspberries, sugar, brown cane sugar, concentrated lemon juice, gelling agent: fruit pectin",N/A
Belvita Original Petit-DÃ©jeuner miel et pÃ©pites de chocolat,LU,444.0,7.3,15.0,28.0,0.69,67.0,7622210713889,"CÃ©rÃ©ales 59,7 % [cÃ©rÃ©ales complÃ¨tes 39,6 % (farine complÃ¨te de blÃ© 19,8 %, flocons d'avoine 10,6 %, farine complÃ¨te d'orge 4,9 %, farine complÃ¨te de seigle 3,3 %, farine complÃ¨te d'Ã©peautre (blÃ©) 1 %), farine de blÃ© 20,1 %), sucre, huile de colza, pÃ©pites de chocolat 8,5 % [sucre, pÃ¢te de cacao, huiles vÃ©gÃ©tales (palme et karitÃ© en proportions variables), dextrose, beurre de cacao, Ã©mulsifiant (lÃ©cithines de soja)], miel de fleurs 5 %, sirop de glucose-fructose, minÃ©raux (carbonate de calcium, carbonate de magnÃ©sium, fer Ã©lÃ©mentaire), poudres Ã  lever (carbonates de sodium, diphosphates, carbonates d'ammonium), sel, Ã©mulsifiants (lÃ©cithines de soja, E472e), arÃ´me, lait Ã©crÃ©mÃ© en poudre. Peut contenir oeuf, fruits Ã  coque, sÃ©same.",N/A
VÃ©ritable Petit Ã‰colier Chocolat au Lait,"LU, Mondelez International",498.0,6.2,23.0,39.0,0.64,65.0,7622210421968,"Petit beurre 52% Farine de blÃ© 68%, sucre, beurre pÃ¢tissier 14%, lait Ã©crÃ©mÃ© en poudre, poudres Ã  lever (carbonates d'ammonium, carbonates de sodium, diphosphates), sel, correcteur d'aciditÃ© (acide citrique).

Chocolat au lait 48% : Sucre, beurre de cacao, pÃ¢te de cacao, lait Ã©crÃ©mÃ© en poudre, lactosÃ©rum en poudre (de lait), beurre pÃ¢tissier, Ã©mulsifiants (lÃ©cithines de soja, E476), arÃ´me.

Peut contenir : fruits Ã  coque.",N/A
Proper Corn Sweet & Salty,Popper Corn,465.0,7.6,20.4,11.3,0.66,56.5,5060283760072,"Wholegrain corn (63%), rapeseed oil, demerara sugar, glazing agent (isomalt), sea salt. Watch out: May contain the occasional un-popped kernel. This pack contains approximately 3 servings. Typical Nutrition Per 100g Per 28g Energy 1944kJ",N/A
VÃ©ritable Petit Beurre Pocket,lu,440.0,8.1,12.0,23.0,1.3,72.0,3017760000062,"Farine de blÃ©, sucre, beurre, lait Ã©crÃ©mÃ© en poudre, sel, poudres Ã  lever (carbonates d'ammonium, carbonates de sodium), correcteur d'aciditÃ© (acide citrique), arÃ´me.",N/A
Squeezy Honey,Tesco,331.0,0.0,0.2,82.4,0.01,82.4,5052909732600,Honey,N/A
PÃ¢te a tartiner,dulcetto,522.0,1.3,25.5,71.7,0.1,71.8,6111262820245,"Sucre, huiles et graisses vÃ©gÃ©tales, cacao en poudre, permÃ©at de lactoserum en poudre, pÃ¢te de noisette, sel, Ã©mulsifiant: lecithine de soja E471, arÃ´me de vanille et de noisette (E) INGREDIENTS: Sugar, vegetable oils and fats, cocoa powder, whey permeate powder, Hazelnut paste, salt, emulsifier: soy lecithine E471, vanilla and hazelnut flavor. TORIS COLLES NÂ° ONSSA PPV.3.213.21",N/A
Cocoa Orange Fruit & Nut Bars,Nakd,394.0,8.57,15.4,42.9,0.0286,51.4,5060088701478,"Dates 40%, Cashews 40%, Raisins 14%, Cocoa 5%, Orange Oil, Natural Flavouring",N/A
,Lotus,584.0,2.9,38.1,36.8,0.54,57.0,5410126116953,"Karamellisoituja keksejÃ¤ 58% (vehnÃ¤jauho, sokeri, kasviÃ¶ljyt (palmu*, rapsi), siirappi, nostatusaine (natriumvetykarbonaatti), soijajauho, suola, kaneli), rapsiÃ¶ljy, sokeri, emulgointiaine (soijalesitiini), happo (sitruunahappo),",N/A
TartimielÂ® Lune de MielÂ® doseur 250 g,Lune de Miel,320.0,0.0,0.0,80.0,5e-05,80.0,3088540004440,MÃ©lange de miels non originaires et originaires de l'UE.,N/A
N/A,Excelo,424.0,5.7,15.3,40.8,0.62,65.7,6111249961466,N/A,N/A
Brioche TranchÃ©e Recette Classique,Harrys,345.0,8.0,11.0,15.0,1.1,51.0,3228857001316,"Farine de blÃ© 54%, sucre, eau, ceufs frais 9,5%, beurre pÃ¢tissier (lait), huile de colza, levure, sel, rhum, arÃ´mes (blÃ©), poudre de jaune d'Å“ufs, extraits vÃ©gÃ©taux Ã  pouvoir colorant (curcuma, paprika), extrait d'acerola. Peut contenir des traces de soja, fruits Ã  coque et graines de sÃ©same.",N/A
PÃ¢te Ã  tartiner,Nutella,539.0,6.3,30.9,56.3,0.107,57.5,80861263,"sucre, huile de palme, noisette 13%, lait Ã©crÃ©mÃ© en poudre 8,7%, cacao maigre 7,4%, Ã©mulsifiants : lÃ©cithines (soja) ; vanilline.",N/A
"Sweet & Salty Nut chocolat noir et mÃ©lange de noix, 5 barres de 30 g","General Mills France, Nature valley",464.0,9.5,22.9,23.3,0.93,50.0,8410076610621,"CacahuÃ¨tes grillÃ©es (18,5%), avoine complÃ¨te (14%), sirop de glucose, pÃ©pites de chocolat (9%) (pÃ¢te de cacao, sucre, beurre de cacao, Ã©mulsifiant (lecithines (soja)), huiles et graisses vÃ©gÃ©tales (palme, tournesol, colza, karitÃ©), extrait de racine de chicorÃ©e, sucre, farine de blÃ©, maltodextrine, farine de riz, fructose, cacao maigre en poudre, lactose (lait), morceaux d'amandes (1,3%), humectant (glycÃ©rol), sel de cuisine, Ã©mulsifiants (lÃ©cithines (soja)), beurre de cacahuÃ¨te (0,75%), dextrose, arÃ´mes naturels, miel, antioxydant (extrait riche en tocopherols).",N/A
Dark Chocolate,Fin CarrÃ©,531.0,5.7,31.5,47.7,0.01,52.4,20005832,"sugar, cocoa mass, cocoa butter, emulsifier (sunflower lecithins), vanilla extract",N/A
Wholegrain Wheat Bixies,Crownfield - Lidl,362.0,12.7,2.25,3.0,0.225,67.8,20471613,"94% wholegrain  wheat ,  barley  malt extract, sugar, salt, niacin, iron, riboflavin, thiamin, folic acid",N/A
,clorets,,,,,,,7622201444327,fenil,N/A
Organic Milk Chocolate,Green & Black's,561.0,9.8,36.0,46.0,0.22,48.0,7622210580092,"cane sugar #, whole milk powder #, cocoa mass #, cocoa butter #, emulsifier (soya lecithins #), vanilla extract #, # ,certified organic, may contain nuts, organic milk chocolate: minimum cocoa solids 37 %, minimum milk solids 24 %,",N/A
Tonik,Bimo,503.0,4.8,23.0,39.0,0.1,70.0,6111031003756,"Farine de blÃ©, Sucre, Huile vÃ©gÃ©tale hydrogÃ©nÃ©e (plame), Cacao maigre en poudre, Ã‰mulsifiant d Soja' cactoserum en poudre. Poudre Ã  lever (Bicarbonate de sodium), ArÃ´me artificel (vanille), sel. CONTIENT: BLE, GLUTEN, SOJA, LAIT",N/A
Tartines cÃ©rÃ©ales 450g,La BoulangÃ¨re,298.0,10.0,10.0,2.9,1.1,39.0,3760049796384,"Farine de BLÃ‰ *50 %, eau, huile de colza, graines de tournesol dÃ©cortiquÃ©es 4,6 %, graines de millet dÃ©cortiquÃ©es 1,8 %, graines de lin brun 1,8%, semoule de BLÃ‰ dur 1,6 %, levains de BLÃ‰ dÃ©vitalisÃ©s, sel, arÃ´me naturel (contient alcool), graines de pavot bleu 0,7 %, flocons d'AVOINE 0,7 %, levure, vinaigre, graines de quinoa 0,4 %, graines d'amarante 0,4%, conservateur : propionate de calcium, levure dÃ©sactivÃ©e, farine de BLÃ‰ d'Ã©peautre 0,3 %, GLUTEN DE BLÃ‰ , farine de SEIGLE 0,2%, farine d'ORGE maltÃ©e torrÃ©fiÃ©e 0,1%, farine de BLÃ‰ maltÃ© torrÃ©fiÃ© 0,1%, antioxydant : acide ascorbique. Traces Ã©ventuelles d'Å“ufs, soja, lait, moutarde et graines de sÃ©same. * IngrÃ©dient issu du commerce Ã©quitable franÃ§ais.",N/A
"GerblÃ© - Sugar Free Coconut Cookie, 132g (4.7oz)",GerblÃ©,427.2,6.2,15.0,0.0,0.2,72.0,3175681116832,"Farine de blÃ© 58,1%, Ã©dulcorant: maltitols d'origine vÃ©gÃ©tale, huile de colza, amidon de blÃ©, fibre de blÃ©, arÃ´mes naturels, Ã©mulsifiant : lecithines, poudres Ã  lever (acide citrique, carbonates d'ammonium), sel de mer.",N/A
Ferrero Rocher,Ferrero,603.0,8.2,42.7,39.9,0.153,44.4,8000500273296,"milk chocolate (sugar, cocoa butter, skimmed milk powder, butter consented, emulsifier: lecithin [soy], vanillin), hazelnuts, sugar, palm oil, wheat flour, whey powder, lean cocoa, emulsifiers: lecithins [soy],baking powder: sodium acid carbonate, salt, vanillin,",N/A
,Bimo,508.0,5.2,24.0,20.0,0.45,67.0,6111031005095,"Farine de BlÃ©, Sucre, Huiles VÃ©gÃ©tales Non-HydrogÃ©nÃ©es (Palme), Sirop de Glucose, Cacao Maigre en Poudre, Amidon de MaÃ¯s, Poudres Ã  Lever (Bicarbonate de Sodium, Bicarbonate D'ammonium), Emulsifiant (LÃ©cithine de Soja), Sel, ArÃ´me Artificiel (Vanilline).",N/A
Blueberry Muffin,nÄkd,374.0,6.57,11.1,48.6,0.0286,57.1,5060088705940,"dates 58%, cashews 15%, raisins 15%, almonds 10%, blueberries 2%, natural flavouring",N/A
Benco Original,Benco,180.0,2.29,1.1,37.1,0.105,38.1,3034470003107,"Sucre, cocoo fortement dÃ©graissÃ© 21,4%, sel, arÃ´me, vitamine B1",N/A
Apple & Raisin Oat Bars,deliciously ella,426.0,5.6,17.4,29.0,0.28,59.2,5060482840179,"Gluten Free Oats (44%), Rice Syrup, Coconut Oil, Raisins (8%), Coconut Sugar, Rapeseed Oil, Dried Apple Pieces (5%), Cinnamon (Cassia).",N/A
Nutri+ avoine complet,Bjorg,442.0,9.1,15.0,16.0,0.35,64.0,3229820794532,"Flocons d'avoine* 40% , Farine de blÃ©* , Sucre de canne* non raffinÃ© ,Huile de colza* , Billettes de riz* soufflÃ© (farine de riz*, sel) , Fibres d'acacia*, Miel* , Poudre Ã  lever: carbonates d'ammonium, Jaune d'Å“uf* en poudre ,Sel marin ,Antioxydant: extraits de romarin* Peut contenir des traces de lait, de fruits Ã  coque, de graines de sÃ©same et de soja. *IngrÃ©dients biologiques.",N/A
N/A,N/A,,,,,,,6111243570138,N/A,N/A
Propercorn Sweet & Salty,Proper,465.0,7.6,20.4,11.3,0.66,56.5,5060283760669,"Wholegrain corn (63%), rapeseed oil, demerara sugar, glazing agent (isomalt), sea salt.",N/A
Gocciole classiche pav 500 gr,Pavesi,488.0,6.5,22.0,22.0,0.53,64.0,8013355999143,"Farine de BLÃ‰, sucre, chocolat 14,6%* (sucre, pÃ¢te de cacao, beurre de cacao, cacao maigre, Ã©mulsifiant : lÃ©cithine de SOJA), huile de tournesol, BEURRE, sirop de glucose, amidon de BLÃ‰, poudres Ã  lever (carbonate acide de sodium, carbonate acide d'ammonium), sel, arÃ´me vanilline. *% exprimÃ© sur le produit fini. Peut contenir des traces de FRUITS Ã€ COQUE, MOUTARDE, SÃ‰SAME et OEUFS.",N/A
Protein Caramel salÃ© CacahuÃ¨tes,Nature Valley,505.0,26.0,30.5,14.5,1.05,25.0,8410076610744,"_cacahuÃ¨tes_ grillÃ©es (38%), extrait de racine de chicorÃ©e, protÃ©ine isolÃ©e de _soja_, _amandes_ 9%, sirop de glucose, matiÃ¨re grasse vÃ©gÃ©tale: palme; lactosÃ©rum (_lait_), fructose, maltodextrine, huile de tournesol, amidon de tapioca, humectant: glycÃ©rol; sel, caramel en poudre (sucre, _lait_ Ã©crÃ©mÃ© en poudre), _lait_ Ã©crÃ©mÃ© en poudre, Ã©mulsifiants: lÃ©cithines de tournesol et de _soja_; arÃ´mes naturels",N/A
85% Cocoa - Dark Chocolate,Moser Roth,604.0,10.8,49.8,13.2,0.38,21.8,4088600132334,"cocoa mass, cocoa butter, sugar, fat reduced cocoa powder, lecithins ( soya ), vanilla extract",N/A
Oatibix,Weetabix,390.0,12.0,8.0,4.8,0.23,63.0,5010029207880,"Wholegrain Oats (96%), Sugar, Malted Barley Extract, Salt, Niacin, Riboflavin (B2), Thiamin (B1), Folic acid.",N/A
Petites Madeleines pÃ©pites chocolat,St Michel,452.0,5.5,22.0,30.0,0.76,56.0,3178530410143,"Farine de blÃ© 27%, sucre, huile de colza, Å“ufs 14%, sirop de glucose, stabilisant: glycÃ©rol, pÃ©pites de chocolat 4% (sucre, pÃ¢te de cacao, beurre de cacao, cacao maigre en poudre, Ã©mulsifiant : lÃ©cithines (soja), arome naturel de vanille), pÃ©pites de chocolat au lait 2.7% (sucre, lait entier en poudre, beurre de cacao, pÃ¢te de cacao, lactose, Ã©mulsifiant : lÃ©cithines (soja), arÃ´me naturel de vanille), lait frais demi-Ã©crÃ©mÃ© pasteurisÃ© 2.4%, fÃ©cule, poudres Ã  lever: carbonates et citrates de sodium (blÃ©), sel, arÃ´me. Traces Ã©ventuelles de : fruits Ã  coque. Tenir au sec, Ã  l'abri de la chaleur (max 25Â°C) et de la lumiÃ¨re. 070",N/A
8 Pains au lait frais Bio 280g,"La BoulangÃ¨re Bio, La boulangere",345.0,9.3,11.0,8.7,0.9,51.0,3284230011884,"Farine de BLÃ‰*/** 51%, Å’UFS entiers*/** 12.5%, LAIT frais Ã©crÃ©mÃ© pasteurisÃ©* 8.4%, huile de tournesol*/** 8.4%, levain* (eau, farines de BLE*/** 3.3% et de SEIGLE*, levures), sucre de canne roux*, arÃ´me naturel de vanille* (contient alcool*), GLUTEN DE BLÃ‰*, levure, sel, extrait de vanille*. Traces Ã©ventuelles de soja. *IngrÃ©dients issus de l'Agriculture Biologique. **IngrÃ©dients issus du commerce Ã©quitable franÃ§ais.",N/A
single origin milk chocolate,Marks & Spencer,618.0,8.4,47.4,37.2,0.25,37.9,00938150,"Cocoa Butter, Dried Whole Milk, Cane Sugar, Cocoa Mass, Milk Fat, Vanilla Extract",N/A
Petit Cookies PÃ©pites de chocolat,Bonne Maman,510.0,7.3,26.0,35.0,0.44,60.0,3178530407396,"farines de cÃ©rÃ©ales (farine de blÃ© tendre,  farine d'avoine ), pÃ©pites de chocolat 33% (sucre,  pÃ¢te de cacao,  lactose,  Ã©mulsifiant  : lÃ©cithine (soja ),  arÃ´me naturel de vanille,  cacao maigre en poudre), beurre,  sucre,  oeufs frais,  poudre Ã  lever ( carbonates de sodium et diphosphates ), fibres de blÃ©,  arÃ´me naturel,  sel, poudre de lait Ã©crÃ©mÃ©.",N/A
Sweet & salty popcorn,Proper Corn,464.0,7.86,20.7,27.1,1.5,56.4,5060283760812,"Wholegrain com (63%), rapeseed oil, demerara sugar, glazing agent (isomalt), sea salt",N/A
Protein Oat Boosts Cocoa Vanilla,Graze,386.0,6.3,22.0,8.9,0.23,33.0,5055958701054,"Oats (38%), Chicory Root Fibre, Vegetable Oils (Rapeseed, Palm), Sunflower Seeds, Golden Syrup, Fat-Reduced Cocoa Powder (3.6%), Liquid Sugar, Chocolate (2.5%) (Cocoa Mass, Sugar, Cocoa Butter, Fat-Reduced Cocoa Powder, Emulsifier: Soya Lecithin), Humectant: Glycerine, Linseed, Palm Fat, Modified Starch, Soya Flour, Demerara Sugar, Starch, Natural Vanilla Flavouring, Sea Salt, Emulsifier: Soya Lecithin, Citrus Fibre, Natural Flavouring, Stabiliser: Xanthan Gum, Molasses",N/A
Extrem,Excelo,412.0,7.0,18.5,,,54.6,6111259344501,"Sucre, Sirop de glucose, CacahuÃ¨tes (20%). Cacao en poudre, Prigine vegeta (Poudre de laiter, Poudre be de Graisses vÃ©gÃ©tales (Palme, Palmiste), Beurre, Blanc d'Å“uf en poudre, Poudre levante (Bicarbonate de sodium E500), Humectant (Sorbitol), Emulsifiant d'origine vÃ©gÃ©tale (lecithine de soja E322 Mone 471 polyricinoleate de polyglycÃ©rol E476), sel et ArÃ´me (vanilline). Contient : Arachides, Lait, Å’ufs et Soja, peut contenir des traces des fruits Ã  coque. Attention: la consommation de 40 grammnes effet laxatif. EN: Nougat coated with cocoa, milk chocolate flavor with caramel and roasted peanuts. Ingredients: Sugar, Glucose syrup, Peanuts (20%), Cocoa powder. Dairy powders (Whole mill teins), Vegetable fats (Palm, Palm kernel), Butter, Egg white powder, Raising powder (Sodium bicarbonate E500), Humectant (Sorbitol), Emulsifier of plant origin (soy lecithin E322, Mono and E471) polyglycerol polyricinoleate E476), salt and Flavor (vanillin). Contains: Peanuts, Milk, Eggs and Soy, may contain traces of nuts.Warning: consuming 40 grams of sorbitol per day can cause a laxative sabor chocolate ao leite com caramelo e amendoim torrado. Ingredientes: AÃ§Ãºcar, xarope de glicose, amendoim (20%), cacau em pÃ³, laticÃ­nios em pÃ³ (leite em pÃ³ integral, leite em pÃ³ desnatado ma, palmiste), manteiga, cara de ovo em pÃ³, fermento em pÃ³ (sodio). bicarbonato E500), Umectante (Sorbitol), Emulsificante de origem vegetal (lecitina de soja E322, Mono e diglicerideos de de poiglicerol E476), sal e sabor (vanilina). ContÃ©m: Amendoim, Leite, Ovos e Soja, pode conter vestigios de nozes. AtenÃ§Ã£o: consumir 40 gramas de sorbitol por dia pode causar efeito laxante NL coladesmaak met karamel en geroosterde pinda's. IngrediÃ«nten: Suiker, Glucosestroop, Pinda's (20%), Cacaopoeder, Zuivelpoeders (Volle melkpoeder, Magere melkpoeder, Melkeiwitten), Plantor Eneder, Rijspoeder (Natrium bicarbonaat E500), bevochtigingsmiddel (sorbitol), emulgator van plantaardige oorsprong (sojalecithine E322, mono - en diglyceriden van vetzuren (6471), polyg if (vanilline). Bevat Pinda's, Melk, Eieren en Soja, kan sporen van noten bevatten. Waarschuwing: het consumeren van 40 gram sorbitol per dag kan een laxerend effect veroorzaken Ø³ÙˆÙƒØ± Ù„Ø§ØªØ© Ø§Ù„Ø­Ù„ÙŠØ¨ Ù…Ø¹ Ø§Ù„ÙƒØ±Ø§Ù…ÙŠÙ„ ÙˆØ§Ù„ÙÙˆÙ„ Ø§Ù„Ø³ÙˆØ¯Ø§Ù†ÙŠ Ø§Ù„Ù…ÙƒÙˆÙ†Ø§Øª Ø³ÙƒØ±ØŒ Ø´Ø±Ø§Ø¨ Ø§Ù„Ø¬Ù„ÙˆÙƒÙˆØ²ØŒ ÙÙˆÙ„ Ø³ÙˆØ¯Ø§Ù†ÙŠ (20%) Ù…Ø³Ø­ÙˆÙ‚ Ø§Ù„ÙƒØ§ÙƒØ§ÙˆØŒ Ù…Ø³Ø§Ø­ÙŠÙ‚ Ø§Ù„Ø­Ù„ÙŠØ¨ ( Ù…Ø³Ø­ÙˆÙ‚ Ø§Ù„Ø­Ù„ÙŠØ¨ ÙƒØ§Ù…Ù„ Ø§Ù„Ø¯Ø³Ù… Ù…Ø³Ø­ÙˆÙ‚ Ø§Ù„Ø­Ù„ÙŠØ¨ Ù…Ù†Ø²ÙˆØ¹ Ø§Ù„Ø¯Ø³Ù…ØŒ Ø¨Ø±ÙˆØªÙŠÙ†Ø§Øª Ø§Ù„Ø­Ù„ÙŠØ¨) Ø¯Ù‡ÙˆÙ† Ù†Ø¨Ø§ØªÙŠØ© Ø§Ù„ØªØ®ÙŠÙ„ Ù†ÙˆÙ‚Ø§ Ø§Ù„Ù…Ø¯Ø±Ø¨ÙˆÙ†Ø§Øª Ø§Ù„ØµÙˆØ¯ÙŠÙˆÙ… (2500) Ù…Ø±Ø·Ø¨ (Ø³ÙˆØ±Ø¨ÙŠØªÙˆÙ„)ØŒ Ù…Ø³ØªØ­Ù„Ø¨Ø§Øª Ù…Ù† Ø£ØµÙ„ Ù†Ø¨Ø§ØªÙŠ (Ø§Ù„Ù…Ø³ÙŠØ¦ÙŠÙ† Ø§Ù„ØµÙˆÙŠØ§ 322 ØŒ Ø£Ø­Ø§Ø¯ÙŠ ÙˆØ«Ù†Ø§Ø¦ÙŠ Ø¬Ù„ÙŠØ³Ø±ÙŠØ¯Ø§Øª Ù…Ù† Ø§Ù„Ø£Ø­Ù…Ø§Ø¶ Ø§Ù„Ø¯Ù‡Ù†ÙŠØ© E471 ØŒ Ù…ØªØ¹Ø¯Ø¯ Ø¬Ù„ÙŠØ³ÙŠØ±ÙˆÙ„ Ù…ØªØ¹Ø¯Ø¯ Ø±ÙŠØ³ÙŠÙ†ÙˆÙ„ÙŠØ§Øª E476 ØŒ Ù…Ù„Ø­ ÙˆÙ†ÙƒÙ‡Ø© ( ÙØ§Ù†ÙŠÙ„ÙŠÙ†). ÙŠØ­ØªÙˆÙŠ Ø¹Ù„Ù‰ Ø§Ù„ÙÙˆÙ„ Ø§Ù„Ø³ÙˆØ¯Ø§Ù†ÙŠ Ù…Ù† Ø§Ù„Ø´ÙˆØ§ÙƒÙ‡ Ø§Ù„Ø¬Ø§ÙØ© ØŒ ØªØ­Ø°ÙŠØ± ØªÙ†Ø§ÙˆÙ„ 40 Ø¬Ø±Ø§Ù…Ø§ Ù…Ù† Ø§Ù„Ø³ÙˆØ±Ø¨ÙŠØªÙˆÙ„ ÙŠÙˆÙ…ÙŠØ§ ÙŠÙ…ÙƒÙ† Ø£Ù† ÙŠØ³Ø¨Ø¨ ØªØ£Ø«ÙŠØ±Ø§ Ù…Ù„ÙŠÙ†Ø§.",N/A
Peanut Butter Oat Bars,Deliciously Ella,460.0,10.1,23.6,21.2,0.47,49.9,5060482840766,"Gluten Free Oats (41%), Rice Syrup, Peanuts (15%), Coconut Oil, Coconut Sugar, Date Syrup, Peanut Butter (4%), Rapeseed Oil, Salt.",N/A
Protein Cocoa Hazelnut Bar,Nakd,424.0,16.0,21.8,28.9,0.0222,49.3,5060088700105,"Dates (38%), _Peanuts_ (35%), Chicory fibre (10%), _Peanut_ flour (8%), _Hazelnuts_ (5%), Fat-reduced cocoa powder (3%), Natural flavourings.",N/A
Wheat Biscuits,By Sainsbury's,358.0,12.0,2.0,4.4,0.28,68.1,00130509,"British Wholegrain Wheat (95%), Malted Barley Extract, Sugar, Salt, Niacin, Iron, Vitamin B2 (Riboflavin), Vitamin B1 (Thiamin), Folic Acid.",N/A
Shortbread Fingers,Walkerâ€™s,533.0,5.6,30.3,16.2,0.7,58.4,0039047011304,"Wheat flour (wheat flour, calcium carbonate, iron, niacin, thiamin), butter (milk) (34%), sugar, salt.",N/A
PÃ¢te Ã  tartiner chocolat noisette,"Jardin bio, LÃ©a Nature",557.0,6.2,34.0,52.0,0.06,55.0,3478820023184,"Sucre de canne*, huile de tournesol*, chocolat* 16,5% (sucre de canne*, poudre de cacao maigre*, beurre de cacao*), purÃ©e de NOISETTES* 10%, poudre de LAIT Ã©crÃ©mÃ©*, farine de SOJA*, Ã©mulsifiant : lÃ©cithines* (SOJA), extrait de vanille Bourbon*. *Produits issus de l'agriculture biologique. Peut contenir des traces d'autres FRUITS A COQUE et LUPIN.",N/A
Fruit & Seed Oatcakes,Nairn's,437.0,9.6,15.5,15.9,0.8075,60.2,0612322000202,"Wholegrain _Oats_ (68%), Currants (12%) (Currants, Sunflower Oil), Brown Sugar, Sustainable Palm Fruit Oil, Brown Flaxseeds (6%), Raising Agent: Sodium Bicarbonate, Sea Salt.",N/A
Cocoa Orange,Nakd,394.0,8.7,16.0,43.0,0.03,51.0,5060088701447,"Dates (42%), Cashews (34%), Raisins (19%),  Cocoa (4%), natural flavouring.",N/A
Nutabella,null,2186.0,1.31,25.5,71.7,0.107,71.8,6111265980229,"Nutabella Ø§Ù„Ù…ÙƒÙˆÙ†Ø§Øª : Ø³ÙƒØ±ØŒ Ø²ÙŠÙˆØª Ùˆ Ø¯Ù‡ÙˆÙ† Ù†Ø¨Ø§ØªÙŠØ©ØŒ Ù…Ø³Ø­ÙˆÙ‚ Ø§Ù„ÙƒØ§ÙƒØ§Ùˆ (AR) Ù…Ø³Ø­ÙˆÙ‚ Ù…ØµÙ„ Ø§Ù„Ø­Ù„ÙŠØ¨ØŒ Ù…Ø³ØªØ­Ù„Ø¨ Ù„ÙŠØ³ØªÙŠÙ† Ø§Ù„ØµÙˆØ¬Ø§ ØŒ Ù…Ù„Ø­ ØŒ Ù†ÙƒÙ‡Ø§Øª Ø§Ù„Ø¨Ù†Ø¯Ù‚ ÙˆØ§Ù„ÙØ§Ù†ÙŠÙ„Ø§ (F) INGRÃ‰DIENTS: Sucre, huiles et graisses vÃ©gÃ©tales, cacao en poudre, lactosÃ©rum en poudre Emulsifiant : lÃ©cithine de soja, sel, arÃ´mes noisettes & vanille. (E) INGREDIENTS: Sugar, vegetable oils and fats, cocoa powder, whey powder Emulsifier : soy lecithin, salt, hazelnut aromas & vanilla. INGREDIENTES: AzÃºcar, aceites y grasas vegetales,cacao polvo, suero en polvo Emulsionante lecitina de soja, sal, aromas de avellanas & vainika VALEUR NUTRITIONELLE NUTRITIONAL VALUE 100g",N/A
Absolute black dark chocolate,Montezuma's,601.0,13.0,54.0,3.0,0.02,8.0,5060719920001,Cocoa solids 100%.,N/A
Flash Wondermint Gum,Flash,350.0,4.1,2.1,59.0,,78.0,6111199000017,"Sugar, Gum base, glucose syrup, Peppermint flavor, Humectant: glycerin, Emulsifier: soya lecithin.",N/A
cooky,be,448.96,4.64,22.19,34.9,0.27,57.67,6111259346352,,N/A
Nutella Plant-Based,"Nutella, Ferrero",533.0,6.67,32.0,45.3,0.183,53.3,8000500426494,"sugar, palm oil, hazelnuts 13%, chickpeas, fat-reduced cocoa powder 7,4%, rice syrup powder, emulsifiers: lecithins [soya], salt, flavourings,",N/A
Dark Chocolate Chip Oat Biscuits,Nairn's,454.0,8.1,16.9,19.0,0.775,63.8,0061232202556,"Wholegrain Oats (59%), Dark Chocolate Chips (9%) (Sugar, Cocoa Mass, Cocoa Butter, Emulsifier: Soya Lecithin, Natural Vanilla Flavouring), Sustainable Palm Fruit Oil, Brown Sugar, Dark Chocolate Powder (5%) (Sugar, Cocoa Mass, Fat Reduced Cocoa Powder), Partially Inverted Refiners Syrup, Dietary Fibre (Oligofructose), Barley Malt Syrup, Raising Agent: Sodium Bicarbonate, Sea Salt, Natural Cocoa Flavouring.",N/A
180G LT NOISETTE COTE D OR,CÃ´te d'Or,555.0,9.3,36.0,43.0,0.18,45.0,7622210995063,"Sucre, NOISETTES (24%), pÃ¢te de cacao, beurre de cacao, LAIT Ã©crÃ©mÃ© en poudre, lactosÃ©rum en poudre (de LAIT), BEURRE concentrÃ©, Ã©mulsifiant (lÃ©cithines de SOJA), arÃ´me naturel de vanille, arÃ´me.",N/A
Peru Dark Chocolate,tesco,630.0,10.0,54.0,13.0,0.1,20.0,5059697684616,"Cocoa Mass, Cocoa Butter, Sugar, Flavouring.",N/A
merci Finest Selection Assorted Chocolates,Storck,563.0,7.8,36.1,48.0,0.1675,49.9,4014400901191,"sugar, cocoa butter, cocoa mass, whole  milk  powder, vegetable fats (palm, shea),  hazelnuts  (3,8%),  almonds  (3,4%), cream powder ( milk ), skimmed  milk  powder, lactose ( milk ),  buttermilk  powder, butterfat ( milk ), dextrose, fat reduced cocoa, fructose, emulsifier:  soya  lecithin, glucose syrup, invert sugar syrup, coffee, flavourings, salt,",N/A
nakd peanut butter protein bar,Nakd,443.0,17.4,21.9,26.8,0.3725,39.3,5060088700099,"Dates (39%), peanuts (30%), peanut butter (10%), peanut flour (10%), chicory fibre (10%), sea salt, natural flavouring.",N/A
B'ono Wafer,Excelo,508.0,6.4,31.0,29.5,0.03,51.5,6111259344013,"Graisses vÃ©gÃ©tales non hydrogÃ©nÃ©es (palme), sucre, farine de blÃ© tendre, cacao en poudre (16%), lait Ã©crÃ©mÃ© en poudre, dextrose, pÃ¢te de noisette, sel, poudre levante (bicarbonate de sodium), Ã©mulsifiant vÃ©gÃ©tale (lÃ©cithine de soja (E322)), amidon de maÃ¯s natif.",N/A
"BÃ¢tonnets de cÃ©rÃ©ales fourrÃ©s (47,5 %) au chocolat - Cracotte Chocolat","LU, Mondelez",456.0,7.51,16.2,30.0,0.263,66.1,3041090061615,"Farine de _blÃ©_ 47 %, sucre, huiles vÃ©gÃ©tales (palme, colza en proportions variables), chocolat 10 % (cacao maigre en poudre, pÃ¢te de cacao, sucre), lactosÃ©rum en poudre (de _lait_), Ã©mulsifiants (lÃ©cithine de _soja_, lÃ©cithine de tournesol), sel, minÃ©ral (diphosphate ferrique).",N/A
90G FERRERO ROCHER TABLETTE LT,Ferrero Rocher,614.0,6.2,44.4,45.4,0.163,46.2,8000500359488,"en France par 0800 553 553 A/N,V,, ChaussÃ©e de la Hulpe/ Steenweg 187, Bruxelles/Brussel/BrÃ¼ssel (EU), 0800 21042 - Westbroek 58, NL-4822 ZW Breda (EU), 00800 2104 2104 er au sec et Ã  l'abri de la chaleur, mer de prÃ©fÃ©rence avant le: 18Â°C 22Â°C it de warmte bewaren, Ten minste houdbaar tot: rocken aufbewahren,",N/A
Chamonix,LU-Mondelez,340.0,4.15,1.54,42.3,0.0192,75.4,3017760819121,"Sirop de glucose-fructose, farine de _blÃ©_, sucre, purÃ©e d'orange 5 %, jus d'orange Ã  base de concentrÃ© 7,4% (jus d'orange concentrÃ© 1,4 %), huile de colza, jaunes dâ€™_Å“ufs_ en poudre, stabilisant (glycÃ©rol), poudre Ã  lever (carbonates d'ammonium), correcteur d'aciditÃ© (acide citrique), gÃ©lifiant (pectines), arÃ´mes, conservateur (sorbate de potassium), colorant (norbixine (rocou)). Peut contenir _lait_, _sÃ©same_ et _fruits Ã  coque_.",N/A
Twix Twin,Mars Wrigley,492.0,4.4,23.6,49.2,0.4,64.0,5000159459228,"sugar, glucose syrup, wheat flour (17%), palm fat, cocoa butter, skimmed milk powder, cocoa mass, lactose, milk fat, whey powder (from milk), fat reduced cocoa, salt, emulsifier (soya lecithin), raising agent (e500), natural vanilla extract. may contain hazelnuts and almonds.",N/A
Hazelnut Chocolate Spread,Bonne Maman,551.0,6.7,34.0,51.0,0.0975,53.0,3608580088486,"Sugar, hazelnuts 20%, vegetable oils (sunflower, rapeseed), skimmed milk powder, fat reduced cocoa powder 5.5%, cocoa butter, emulsifier: sunflower lecithin, vanilla extract.",N/A
"Kinder - Delice x10, 390g (13.8oz)",Euro,455.0,5.5,22.6,41.0,0.262,58.8,8000500267103,"sugar, vegetable fats (palm, shea, sal), glucose-fructose syrup, humectant: glycerol, rehydrated milk powder 7%, wheat flour 6,5%, skimmed milk powder 5%, dextrose, lean cocoa 3%, cocoa 3%, egg 2,5%, lactoserum powder, concentrated pear juice, wheat starch, milk powder 0,5%, emulsifiers (lecithins [soy], mono and diglycerides of fatty acids), baking powders (ammonium carbonate, sodium acid carbonate), lemon juice concentrate, flavourings, cocoa butter, salt, cocoa paste, concentrated butter",N/A
FourrÃ©s chocolat lait noisettes,Bjorg,524.0,8.0,25.2,28.0,0.56,64.0,3229820783673,"Farine de blÃ© 34%, chocolat au lait 25% (sucre de canne non raffinÃ©, beurre de cacao, lait en poudre, pÃ¢te de cacao), farine complÃ¨te de blÃ© 15%, sucre de canne roux non raffinÃ©, huile de tournesol olÃ©ique, noisettes hachÃ©es grillÃ©es 5%, lait Ã©crÃ©mÃ© en poudre, sel marin non raffinÃ©, poudres Ã  lever : carbonates d'ammonium, carbonates de sodium, arÃ´me naturel de noisettes, Ã©paississant : gomme dâ€™acacia, antioxydant : extrait de romarin",N/A
Graze lemon and blueberry,Graze,428.0,6.0,21.0,13.0,0.19,46.0,5055958705427,"_Oats_ (42%), chicory root fibre, vegetable oils (rapeseed, palm**), golden syrup, blueberry infused dried cranberries (sugar, cranberries, grape juice concentrate, blueberry juice concentrate, sunflower oil), liquid sugar, humectant: glycerine, sunflower seeds (1.5%), palm fat**, pumpkin seeds (1.5%), soluble corn fibre, apple infused dried blueberries (1.0%) ( blueberries [50%], apple juice concentrate, rice flour, sunflower oil), demerara sugar, potato starch, natural lemon flavouring sea salt, emulsifier: soya lecithin, citrus fibre, stabiliser xanthan gum, molasses.",N/A
Bimo,Merendina,411.0,4.17,20.0,38.9,0.528,55.6,6111031005293,"Sucre, Huile VÃ©gÃ©tale Non HydrogÃ©nÃ©e (Palme, Palmiste, Soja), Farine de Ble, Cuf, Humectants (Glycerine, Sorbitol), Sirop de Glucose, Cacao Maigre en Poudre, PermÃ©at de LactosÃ©rum (de Lait), Amidon de Mais, Emulsifiants (de Source VÃ©gÃ©tale) (Mono - et DiglycÃ©rides D'Acides Gras, LÃ©cithine de Soja), Poudres Ã  Lever (Pyrophosphate de Sodium Acide, Bicarbonate de Sodium), Correcteur d'AciditÃ© (Acide Citrique), Conservateurs (Sorbate de Potassium, Acide Sorbique), Sel, ArÃ´me Artificiel (Chocolat), Ã‰paississant (Gomme Xanthane)",N/A
Oreo original,Mondelez,481.0,4.8,20.0,36.0,0.7,70.0,6111031005385,"Farine de BlÃ©, Sucre, Huile VÃ©gÃ©tale Non HydrogÃ©nÃ©e (Huile de Palme), Cacao Maigre en Poudre, Amidon de Mais, Sirop de Glucose, Poudres Ã  Lever (Bicarbonate de Potassium, Bicarbonate de Sodium, Bicarbonate d'Ammonium), Sel, Emulsifiant (LÃ©cithine de Soja), ArÃ´me Artificiel (Vanilline). CONTIENT: BLE (GLUTEN) ET SOJA. PEUT CONTENIR DU LAIT.",N/A
Beurre Ã  teneur rÃ©duite en M.G. (60%) doux,"Montfleuri, Savencia",547.0,1.0,60.0,0.8,0.05,0.8,3451790563256,"butter (eu origin) water, lactic ferments (milk) net weight: 250ge",N/A
Malt Loaf,Soreen,312.0,9.5,3.0,20.7,0.5,58.6,5010043000917,"Fortified _Wheat_ Flour (_Wheat_ Flour, Calcium Carbonate, Iron, Niacin (B3), Thiamin (B1)), Water, Raisins 14%, Partially Inverted Sugar Syrup (Partially Inverted Sugar Syrup, Colour (E150c)), Maize Starch, Malted _Barley_ Flour 5%, _Barley_ Malt Extract 4.4%, Vegetable Fat (Rapeseed, Palm), Rice Starch, Salt, Yeast, Preservative (Calcium Propionate).",N/A
Nusskracher Voll-Nuss,"Fin CarrÃ©, Lidl",582.0,9.0,39.7,40.2,0.2075,45.1,20005771,"sugar, 27% whole roasted hazelnuts, cocoa butter, whole milk powder, cocoa mass, whey powder (milk), lactose (milk), hazelnut paste, emulsifier: lecithins (soya), vanilla extract,",N/A
Cuor di Cereale,Galletas Gullon,459.0,7.2,19.0,21.0,0.75,59.0,8410376040425,"zabpehely  31,5%, wholemeal wheat flour 22,5%,high oleic sunflower oil 16%, sugar, raisins 5,5%, fruit and a mixture of 3,5% (fruit (apple puree, kivil's), fructose and glucose syrup, glucose syrup, humectant: glycerol, sugar,  bÃºzarost , gelling agent (pectin), sunflower oil, acidity regulator (citric acid), flavouring, colouring: (e141) almarost 2,5%, glucose - fructose syrup, vegetable fibre, raising agent: sodium hydrogen carbonate,  ammonium carbonates, salt , vanilla flavouring trace amounts of  tejet  and  szÃ³jÃ¡t may include",N/A
Milk Chocolate,Tony's Chocolonely,547.0,7.67,33.3,50.7,0.208,52.0,8717677339914,"sugar, dried whole milk, cocoa butter, cocoa mass, emulsifier (soya lecithin).",N/A
belvoir farm elderflower cordial,Belvoir,17.0,,0.0,4.2,0.0,4.3,5022019010202,"Sugar, water, elderflowers, pressed lemon juice, citric acid",N/A
Break Chocolate Fingers,"Break,Tiffany",496.0,8.0,24.0,48.0,0.24,64.0,6291003203527,"Milk chocolate (64%)(Sugar, Cocoa butter, Cocoa mass, (Dried whole and skimmed _milk_, _Whey_ powder, _Lactose_ (all_ Cowâ€™s milk_)), Vegetable fat (Palm, Shea), Emulsifier (_Soya_ Lecithine (E322)), Flavouring (Ethyl Vanillin)). Milk chocolate contains cocoa solids 25%min.,and milk solids 14% min. Wafer layers with cream (36%) (Sugar, Wheat flour (_Gluten_), Vegetable fat (Hydrogenated Palm kernel ), Dried skimmed _milk_ (_Cowâ€™s milk_), Cocoa powder, Cocoa mass, Rice flour, _Lactose_ (_Cowâ€™s milk_), Emulsifier (_Soya_ Lecithin (E322)), Salt, Sodium bicarbonate (E500), Flavouring (Ethyl Vanillin)).",N/A
Gifflar Cannelle,"Gifflar, Pagen, PÃ¥gen",373.0,7.3,14.0,19.0,0.03,52.0,7311070346916,"Farine de blÃ©, eau, sucre, huile vÃ©gÃ©tale (colza), sucre roux, matiÃ¨res graisses vÃ©gÃ©tales totalement hydrogÃ©nÃ©es (noix de coco, colza), noyau d'abricot, amidon modifiÃ©, cannelle (0,7%), Ã©paississant (E440), sel, sucre inverti, amandes, lait Ã©crÃ©mÃ©, levure, Å“uf, poudre Ã  lever (E450, E500), Ã©mulsifiant (E471), conservateurs (E200, E282), correcteur d'aciditÃ© (E330), malt d'orge.",N/A
Gaufres Miel,Bjorg,464.0,4.4,17.0,36.0,0.8,72.0,3229820791081,"Farine de blÃ©* 27%, sirop de blÃ©*, graisses vÃ©gÃ©tales* (huile de tournesol*, beurre de cacao*), sucre de canne* non raffinÃ©, miel* 12%, son de blÃ©* 1,7%, sel de mer, Å“ufs* entiers en poudre, Ã©mulsifiant: lÃ©cithines*, poudre Ã  lever carbonates de sodium, cannelle*, jus de citron*. Peut contenir des traces de lait et de fruits Ã  coque. *IngrÃ©dients biologiques.",N/A
Tchicolata,,533.0,6.5,31.0,57.0,0.0,57.0,6111242380295,"12% PÃ¢te d'amandes(Amandes 46%) lait Ã©crÃ©mÃ©, sucre, poudre de cacao, huile vÃ©gÃ©tale. sel arome vanilline Ã©mulsifiant (lecithine de soja).",N/A
Peanut Delight Bars,Nakd,442.0,12.0,23.0,35.0,0.57,42.0,5060088705230,"Dates (53%), Peanuts (46%), Sea salt, Natural flavouring.",N/A
Excelo nougat,Excelo,443.0,6.0,16.0,40.3,0.17,68.8,6111259344426,N/A,N/A
,,,,,,,,6111265980243,,N/A
Dark chocolate 75%,Marks & Spencer,582.0,9.4,43.5,25.5,0.01,32.6,00557825,"coco mass, cane sugar, coco butter, vanilla extract,",N/A
Crunchy,,534.0,4.7,35.7,34.3,0.25,48.6,6111259344211,,N/A
Fine milled oatcakes,Nairn's,,10.9,19.9,0.9,1.67,55.0,0061232200545,"ingredients wholegrain  oats  85%, sustainable palm fruit oil, sea salt, raising agent: sodium bicarbonate,",N/A
Nutella biscuits fergulf,"Ferrero, Nutella",515.0,7.9,24.8,35.8,0.559,64.0,8000500310397,"hazelnut spread with cocoa 40% (sugar, palm oil, hazelnuts (13%), skimmed milk powder (8,7%), fat - reduced cocoa (7,4%), emulsifier: lecithins (soya), vanillin), wheat flour (32,5%), vegetable fats (palm, palm kernel, cane sugar (8,5%), lactose (milk), wheat bran, milk powder, honey, raising agents (disodium diphosphate, sodium bicarbonate, ammonium bicarbonate), malted barley flour, fat-reduced cocoa, salt, barley - malze malt extract,  wheat starch, emulsifier: lecithins (soya), vanillin.",N/A
Crema Al Cacao,Hacendado,547.0,4.4,33.0,,0.1275,56.0,8480000674166,"sugar, vegetable oil (sunflower, palm), defatted cocoa 8,5%, skimmed milk powder, hazelnuts 4%, whey powder, emulsifier (sunflower lecithin), flavouring,",N/A
Chocolate For Change Single Origin 85% Cocoa Dark Chocolate,Coop,624.0,8.8,52.0,17.0,0.01,26.0,5000128981330,"Cocoa Mass, Cocoa Butter, Fat-reduced Cocoa Powder, Cane Sugar, Flavouring. Cocoa solids 85% minimum.",N/A
Pain au lait bio x12 420g,la boulangÃ¨re,345.0,9.4,11.0,8.7,0.9,51.0,3760049798890,"Farine de BLÃ‰*/** 51%, Å’UFS entiers*/** 12.5%, huile de tournesol*, LAIT frais Ã©crÃ©mÃ© pasteurisÃ©* 8.4%, levain* (eau, farines de BLE*/** 3.4% et de SEIGLE*, levures), sucre de canne roux*, GLUTEN DE BLÃ‰*, arÃ´me naturel de vanille* (contient alcool*), levure, sel, extrait de vanille*. Traces Ã©ventuelles de soja. *IngrÃ©dients issus de l'Agriculture Biologique. **IngrÃ©dients issus du commerce Ã©quitable franÃ§ais.",N/A
Pim's - Framboise,Lu,397.0,3.4,13.0,48.0,0.45,65.0,5410041040807,"PrÃ©paration Ã  la framboise 41 % [sirop de glucose-fructose, sucre, purÃ©e de framboise concentrÃ©e 2,3 % (Ã©quivalent purÃ©e de framboise 10,2 %), purÃ©e de framboise 1,1%, acidifiant (acide citrique), jus concentrÃ© de groseilles, gÃ©lifiant (pectines), correcteurs d'aciditÃ© (citrates de sodium, citrates de calcium), arÃ´me, Ã©paississant (gomme xanthane)], chocolat 24% [sucre, pÃ¢te de cacao, beurre de cacao, graisses vÃ©gÃ©tales (noyaux de mangue, sal, karitÃ©, palme en proportions variables), Ã©mulsifiant (lÃ©cithines de soja), arÃ´me), farine de blÃ© 15 %, sucre, oeufs, sirop de glucose-fructose, huile de colza, poudres Ã  lever (carbonates d'ammonium, diphosphates, carbonates de sodium), amidon de blÃ©, sel, Ã©mulsifiant (lÃ©cithines de soja), lait Ã©crÃ©mÃ© en poudre. Peut contenir sÃ©same.",N/A
Galleta ligera sin sal y sin azÃºcar,Gullon,408.0,9.0,13.0,2.8,0.01,58.0,8410376002201,"wheat flour, vegetable fiber, vegetable oil (high oleic sunflower), sweetener (maltitol), sesame seeds, wheat bran, soybean meal, gasifiers (potassium acid carbonate and ammonium acid carbonate), soy protein, emulsifier (soy lecithin), wheat germ, 0,2% flaxseeds, antioxidant (potassium metabisulfite) and vanilla aroma, may contain traces of milk",N/A
Sweet Chilli sauce - Vitasia - 700ml,Vitasia,160.0,0.4,0.2,34.7,2.7525,37.8,20170196,"Wasser, 30% Zucker, 8% Chilischoten*, Paprika, modifizierte StÃ¤rke, Speisesalz SÃ¤uerungsmittel: EssigsÃ¤ure; Knoblauch, Zwiebeln, Verdickungsmittel: Xanthan; Konservierungsstoff: Kaliumsorbat.",N/A
"Raspberry fruit spread, raspberry",Maribel,235.0,0.0,0.5,57.0,0.000125,57.0,20000691,"raspberries, sugar, glucose-fructose syrup, pectin, citric acid,",N/A
Milk Chocolate,Fin CarrÃ©,534.0,7.0,30.2,56.3,0.925,57.7,20005825,"sugar, cocoa butter, skimmed milk powder, cocoa mass, whey powder, butter fat, hazelnut paste, emulsifier: sunflower lecithin, aroma",N/A
Dunkle Schokolade mit ganzen HaselnÃ¼ssen,"Fin CarrÃ©, Lidl",587.0,8.6,44.3,30.0,0.01,34.4,20815356,"Kakaomasse, Zucker, Haselnusskerne, Kakaobutter, Butterreinfett, Emulgator: Lecithine. Kann Spuren von Gluten, Soja, anderen SchalenfrÃ¼chten und ErdnÃ¼ssen enthalten.",N/A
Biscuits fourrÃ©s aux framboises,Bjorg,432.0,5.5,15.0,38.0,0.48,67.0,3229820791074,"Farine semi-complÃ¨te de blÃ© 42%, sucre de canne non raffinÃ©, graisse vÃ©gÃ©tale (huile de tournesol, beurre de cacao), sirop de sucre inverti, sirop de blÃ©, miel, Å“ufs entiers en poudre, concentrÃ© de framboise 0,8% (Ã©quivalent Ã  7% de framboise), acidifiant : acide citrique, sel de mer, poudres Ã  lever : carbonates de sodium, carbonates d'ammonium, jus de citron, Ã©mulsifiant : lÃ©cithines.",N/A
Stem ginger oat biscuits,Nairn's,438.0,8.1,14.4,17.2,0.91,65.9,0061232201047,"Wholegrain Oats (64%), Brown Sugar, Sustainable Palm Fruit Oil, Stem Ginger (6.3%) (Stem Ginger, Sugar), Dietary Fibre (Oligofructose), Ground Ginger, Partially Inverted Refiners Syrup, Barley Malt Syrup, Raising Agent: Sodium Carbonates, Sea Salt.

May contain traces of milk.",N/A
Berry Delight Raw Fruit & Nut Bar,Nakd,380.0,6.7,12.0,48.0,0.02,57.0,5060088702000,"Dates, Cashews, Raisins, Freeze-dried raspberries, Natural flavouring",N/A
Crunchy oats and honey,Nature Valley,467.0,8.7,18.1,26.8,0.85,64.3,8410076600837,"whole grain rolled oats (60%), sugar, sunflower oil, honey (3%), salt, molasses, emulsifier: sunflower lecithin, raising agent: sodium bicarbonate, may contain  soy wheat peanuts tree nuts",N/A
High Protein Mousse lidl,Milbona,86.3,10.0,2.23,4.69,0.0008,5.83,4056489724070,"mousse with cocoa, with sweeteners, no added sugars***, no lactose! ingredient semi-skimmed pasteurized milk, 6,7% milk protein, 4% cocoa per bag beef, modified starch, thickeners: guar gum, carrageenan, stabilizers of 80 rosfats, sodium carbonates, sweeteners: acesulfame k sucralose, natural flavouring, sugars lactase, treated with nitrogen, **high protein content, ***contains natural arch 8 sweeteners, ****certified rainforest alliance, ta,org, 'lactose content: ,lt,0,g/10,  ,quot, 3 unopened,  at a temperature not exceeding  8Â°c, best 3 batch see cover, manufactured by odv frischproducte",N/A
Genova - Double Creme,Excelo,,,,,,,6111259341234,,N/A
Madagascar Dark Chocolate tummasuklaa,J.D.Gross,600.0,10.0,40.0,26.7,0.0,46.7,20261375,"Kaakaomassa (alkuperÃ¤: Madagaskar), sokeri, kaakaovoi, vÃ¤hÃ¤rasvainen kaakaojauhe, emulgointiaine (soijalesitiini), vaniljauute. Saattaa sisÃ¤ltÃ¤Ã¤ pieniÃ¤ mÃ¤Ã¤riÃ¤ pÃ¤hkinÃ¤Ã¤ ja maitoa.",N/A
PÃ¢te Ã  tartiner cacao noisettes bio,LIDL,516.0,6.4,27.5,57.6,0.12,59.0,4056489891130,"sucre de canne', huiles vÃ©gÃ©tales' (huile de tournesol', huile de coco'), 16% noisettes, lait en poudre Ã©crÃ©mÃ©, 8% cacao maigre en poudre', graisse vÃ©gÃ©tale (beurre de cacao), Ã©mulsifiant : lÃ©cithine de tournesol', arÃ´me naturel de vanille, ingredients issus de l'agriculture biologique,",N/A
PÃ¢te Ã  tartiner Noir cacaopasta imp,"Jardin bio, Jardin biologique, LÃ©a Nature",553.0,7.1,38.0,34.0,0.04,41.0,3478820005654,"Sucre de canne*, huile de tournesol*, poudre de cacao maigre* 30%, Ã©mulsifiant : lÃ©cithines* (SOJA), extrait de vanille Bourbon*. *Produits issus de l'agriculture biologique. Peut contenir des traces de LAIT et FRUITS A COQUE. SoulignÃ© : ingrÃ©dients conformes aux standards du commerce Ã©quitable (65% du total des ingrÃ©dients d'origine agricole).",N/A
4 Baguettes viennoises 340g,La BoulangÃ¨re,327.0,9.7,9.1,7.8,0.91,50.0,3760049790818,"Farine de BLÃ‰* 63 % , Å’UFS entiers*/** 10,5 %, huile de colza, sucre, eau, levure, GLUTEN DE BLÃ‰, BEURRE, sel, conservateur : propionate de calcium, protÃ©ines de LAIT, levure dÃ©sactivÃ©e, agent de traitement de la farine : acide ascorbique. *IngrÃ©dients issus du commerce Ã©quitable franÃ§ais. **Å’ufs de poules Ã©levÃ©es en plein air.",N/A
VÃ©ritable Petit Ã©colier Pocket Chocolat au Lait,LU,500.0,6.5,24.0,40.0,0.64,65.0,7622210422026,"PETIT _BEURRE_ 52 % : Farine de _blÃ©_ 68,1 %, sucre, _beurre_ 14,7 %, _lait_ Ã©crÃ©mÃ© en poudre, poudre Ã  lever (carbonate acide d'ammonium, carbonate acide de sodium, diphosphate disodique), sel, correcteur d'aciditÃ© (acide citrique),
CHOCOLAT AU _LAIT_ 48 % : Sucre, beurre de cacao, pÃ¢te de cacao, _lait_ Ã©crÃ©mÃ© en poudre, sirop de glucose, _beurre_ pÃ¢tissier, Ã©mulsifiant (lÃ©cithine de _soja_), arÃ´me vanille, 

Allergene , Lait Gluten",N/A
Shortbread Fingers,Patersonâ€™s,500.0,6.67,24.0,18.0,0.667,61.3,0072417196379,"_Wheat_ flour (_Wheat_ flour, Calcium carbonate, Niacin, Iron, Thiamin), Rapeseed oil, Sugar, Butter (_Milk_), Salt, Flavouring.",N/A
N/A,N/A,,2.7,,54.8,0.04,30.0,6111259344051,N/A,N/A
cioccolato fondente,fin carre,569.0,7.0,39.6,36.5,0.01,42.4,20430733,"Zucchero, pasta di cacao, 27% nocciole, burro di cacao, burro chiarificato, emulsionante: lecitine; aroma naturale di vaniglia Bourbon. PuÃ² contenere tracce di altra frutta a guscio, uova e cereali contenenti glutine.",N/A
Honey,Grandessa,307.0,0.4,0.0,76.4,0.03,76.4,4088600313030,honey,N/A
MÃ¼sli oat biscuits,Emco,467.0,10.0,20.0,20.0,0.167,56.7,8595229900504,"Oat flakes 40%, wheat flour, sugar, rapeseed oil, dark chocolate 5,1 % (sugar, cocoa butter, cocoa mass, it cocoa powder, emulsifier: sunflower lecithin, vanilla extract), grated coconut, glucose syrup, cocoa powder, chocolate powder 2,2% (sugar, cocoa mass, low fat cocoa DO), antioxidants (ascorbyl palmitate, natural extract with high content of tocopherols), raising agents (sodium bicarbonate, ammonium bicarbonate), natural flaming. The product may contain: peanuts, soya, milk and nuts.",N/A
"Hazelnut, Pecan & Maple Oat Bars",Deliciously Ella,488.0,7.2,25.8,18.2,0.32,53.8,5060482841992,"Gluten Free Oats (46%), Rice Syrup, Coconut Oil, Rapeseed Oil, Pecan Nuts (6%), Hazelnuts (5%), Date Syrup, Coconut Sugar, Almond Butter, Maple Syrup (0.5%), Vanilla Extract (0.3%), Salt.",N/A
Confiture D'abricots extra aÃ¯cha,"AÃ¯cha,Extra",251.0,0.0,0.0,62.0,0.0,63.0,6111021013109,APRICOT JAM,N/A
La paille dâ€™or aux framboises,Lu,367.0,4.3,1.2,53.0,0.12,83.0,7622210422163,"Sirop de glucose-fructose, farine de blÃ© 34 %, purÃ©e de framboises 18 %, sucre, amidon de blÃ©, lactosÃ©rum en poudre (de lait), huile de colza, jaunes d'oeufs en poudre, correcteur d'aciditÃ© (acide citrique), arÃ´mes, gÃ©lifiant (pectines), jus de carotte noire concentrÃ©e, Ã©mulsifiant (lÃ©cithines de soja), poudre Ã  lever (carbonates de sodium), levure sÃ¨che,",N/A
Chocolat noir Bio 70%,"CÃ´te d'Or, Mondelez International",580.0,9.1,42.0,29.0,0.08,36.0,7622210724519,"cocoa paste, cane sugar, cocoa butter, vanilla extract,",N/A
All butter shortbread fingers,Tesco,513.0,6.3,26.9,13.1,0.43,60.4,5059512738814,"Wheat Flour (Wheat Flour, Calcium Carbonate, Iron, Niacin, Thiamin), Butter (Milk) (33%), Sugar, Cornflour, Salt.",N/A
The Original Speculoos,"Lotus, Lotus bakeries",484.0,4.9,19.0,38.1,0.92,72.6,5410126006049,"wheat flour, sugar, vegetable oils (palm oil from sustainable and certified plantations, rapeseed oil), candy sugar syrup, baking powder (sodium acid carbonate), soybean flour, salt, cinnamon,",N/A
Mousse au chocolat vegetal au lait de coco,"Andros, Andros Gourmand & VÃ©gÃ©tal",163.0,2.2,8.2,16.2,0.22,19.3,3608580942764,"Lait de coco allÃ©gÃ© 31,8% (eau, extrait de noix de coco), eau, chocolat 16.2% (sucre, pÃ¢te de cacao, beurre de cacao, cacao maigre en poudre, Ã©mulsifiant : lÃ©cithine de soja, arÃ´me naturel de vanille), sucre, eau de coco, amidon, protÃ©ines de pomme de terre, Ã©mulsifiant : mono et diglycÃ©rides d'acides gras (colza), Ã©paississant : carraghÃ©nanes, sel.",N/A
Dark chocolate,Moser Roth,578.0,9.3,40.8,25.7,0.03,39.1,4088600132341,"Cocoa Mass (56%), Sweetener: Erythritol, Cocoa Butter (14%), Vanilla Extract, Sweetener: Stevia, Cocoa Solids 70% minimum,",N/A
Milk Single Origin Chocolate,Waitrose,618.0,8.0,47.0,34.7,0.17,39.0,5000169567418,"Cocoa butter, cane sugar, milk powder, cocoa mass, milk fat, vanilla extract",N/A
Extrem Nougat & Caramel,Excelo,434.0,3.84,17.7,44.0,0.58,64.0,6111259344464,"Sucre, Sirop de glucose, Cacao en poudre Poudres laitiÃ¨res (Poudre de lat entier, Poudre de lait Ã©crÃ©mÃ©, ProtÃ©ines de lait), Graisses et huiles vÃ©gÃ©tales (Palme, Palmiste) Beure, Blanc d'oeuf en poudre, Sel Poudre levante (Carbonate de sodium). Emulsifiant vÃ©gÃ©tale (lecithine de soja, Mono et diglycerides acide gras (E47), polyricinoleate de polyglycerol (PGPR), Humectant Sorbitol Nome contient: Lait, Cuts et Soja, peut contenir des traces des arcides et fruits Ã  coque (Noisette), EN-Nougat flavor milk chocolate with caramel coated with cocoa. Ingredients: Sugar, Glucose syrup, Cocoa powder, Dairy powders (Whole mik and oils (Palm, Palm kernel), Butter, Egg white powder, Salt, Baking powders Spelium bicarbonate der Skimmed milk powder Milk proteins), Vegetable for of (soy lecithin, Mano and digcedes Bey Y may contain traces of peanuts and ee nuts (Hazelnut), ESP, Turron sabor chocolate con leche con caramelo recubierto de cacao. Ingredientes: AzÃºcar, Jarabe de glucosa, Carno en polvo en polvo (Leche entera en polvo, Leche desnatada en polvo, Proteinas de leche), Grasas y aceites vegetales (Palma, Palmistel Mantequillo, Clam de F PR humectante: sorbitol, aroma. Contiene: Leche, Huevos y Sola, puede contener frazas de cacahuetes y frutos de comicinolento de e vegetal (lecitina de soja, y Shocolate ao leite com caramelo revestido com cacau. Ingredients: AÃ§Ãºcar, Xarope de glicose, Cacau em po, Laticinios em pa (Leite em pa gordo. tado, Proteinas do leite), Gorduras e Ã³leos vegetais (Palma, Palmiste) Manteiga, Clara de ovo em po Selemento de vegetal (lecitina de soja, mono, e diglicerideos de Ã¡cidos graxos (E471), poliglicerol politicinoleato (PGPR), um porbital, aromati Ovos e Soja, pode conter vestigios de amendoins e frutos de casca rija (Avela). Ø­Ù„ÙŠØ¨ Ù…Ù†Ø²ÙˆØ¹ Ø§Ù„Ù‰ Ø¯ÙˆÙ„ÙŠØ© Ù…ÙˆØ¶ÙˆØ¹Ø§Øª Ø§Ù„Ù…Ø­Ù„ÙŠØ© Ø¬Ø§Ø±ÙŠÙ† Ø¨ÙˆÙ„ÙŠØ³ÙŠÙ†ÙˆÙ„Ø§ØªÙŠ Ø®ÙˆØ¯Øª Ø³Ø§Ù† Ø´Ø±Ø§Ø¨ Ø§Ù„Ø¬Ù„ÙˆÙƒÙˆØ²ØŒ Ù…Ø³Ø­ÙˆÙ‚ Ø§Ù„ÙƒØ§ÙƒØ§Ø±ØŒ Ù…Ø³Ø§Ø­ÙŠÙ‚ Ø§Ù„Ø­Ù„ÙŠØ¨ (Ù…Ø³Ø­ÙˆÙ‚ Ø§Ù„Ø­Ù„ÙŠØ¨ ÙƒØ§Ù…Ù„ Ø§Ù„Ø¯Ù…ÙŠÙ†Ø© Ø§Ù„Ø­Ù„ÙˆÙŠØ§Øª Ù…ØªÙ†ÙˆØ¹ Ø§Ù„ ÙˆÙ†Ø§Øª Ø§Ù„ØµÙˆØ¯ÙŠÙˆÙ…ØŒ Ù…Ø³ØªØ­Ù„Ø¨ Ù†ÙŠØ§Ù†ÙŠ Ø§Ù„Ø±Ø§ÙŠÙ† Ø§Ù„ØµÙˆÙŠØ§ØŒ Ø§Ù„Ø­Ø§Ø¯ÙŠ Ùˆ Ø¯ÙŠØ¬Ø§Ø± Ø³ÙŠØ±ÙŠØ¯Ø§Øª Ø§Ù„Ø£Ø­Ù…Ø§Ø¶ Ø§Ù„Ø¯Ù‡Ù†ÙŠØ© (471) ÙŠÙˆÙ„ÙŠ. Ø§Ù„ÙÙˆÙ„ Ø§Ù„Ø³ÙˆØ¯Ø§Ù†ÙŠ ÙˆØ§Ù„Ù…ÙƒØ³Ø±Ø§Øª Ø§Ù„Ø¨Ù†Ø¯Ù‚ ÙŠØ­ØªÙˆÙŠ Ø¹Ù„Ù‰ Ø§Ø«Ø§Ø± Ù…Ù† Ø§Ù„Ù‚ÙˆÙ„ Ø§Ù„Ø­Ù„ÙŠØ¨ ÙˆØ§Ù„Ø¨ÙŠØ¶ ÙˆØ§Ù„ØµÙˆÙŠØ§",N/A
Confiture fraise sans sucre ajoutes,Lucien georgelin,89.0,0.6,0.5,21.7,0.02,21.7,3330720244017,"Fraise 65g*, fibres vÃ©gÃ©tales solubles 45,1g* gÃ©lifiants: pectine, jus de citron concentrÃ©.",N/A
Noir amandes entiÃ¨res,"CÃ´te d'or,Mondelez",565.0,9.2,38.0,40.0,0.01,42.0,7622210995100,"Sucre, pÃ¢te de cacao, AMANDES (27%), beurre de cacao, BEURRE concentrÃ©, Ã©mulsifiant (lÃ©cithines de SOJA), arÃ´me naturel de vanille, LAIT Ã©crÃ©mÃ© en poudre. PEUT CONTENIR AUTRES FRUITS A COQUE.",N/A
Milk Caramel Sea Salt Chocolate,Tony's Chocolonely,533.0,6.67,33.3,50.0,0.75,56.7,8717677339938,"Sugar, dried whole milk, cocoa butter, cocoa mass, 10% caramel pieces (sugar, glucose syrup, cream, butter), 0.5% sea salt, emulsifier (soya lecithin). May contain: gluten, egg, peanut and nuts. Cocoa solids: 32% minimum. Milk solids: 21% minimum.",N/A
Sweet Chilli & Red Pepper,Tyrrellâ€™s,468.0,6.3,25.0,5.1,1.1,51.0,5060042641413,"potatoes, sunflower oil, sugar, natural flavouring, onion powder, salt, tomato powder, garlic powder, cayenne pepper, dried parsley, ground jalapeÃ±o chilli pepper, white pepper, natural colour (paprika extract), ground ginger, ground star anise, dried basil, ground red pepper,",N/A
Brioche tranchÃ©e nature ss additif,Harrys,345.0,8.0,11.0,15.0,1.1,51.0,3228857001323,"Farine de BLÃ‰ 54%, eau, sucre 10,5%, OEUFS frais 9,5%, sirop de glucose-fructose, BEURRE pÃ¢tissier, huile de colza, levure, sel, rhum, arÃ´mes, extraits vÃ©gÃ©taux Ã  pouvoir colorant (curcuma, paprika), gluten de BLÃ‰, fibre de BLÃ‰, extrait d'acÃ©rola. Peut contenir des traces de SOJA, FRUITS A COQUE, GRAINES DE SÃ‰SAME.",N/A
Mints,"J.D. Gross, Lidl",456.0,3.5,17.0,63.1,0.02,70.0,20706852,"ingredients sugar, cocoa mass**, glucose syrup, cocoa butter** butter oil (milk), emulsifier: lecithins (soya), humectant: invertase, peppermint oil, gelling agent: agar, acid: citric acid, salt, **rainforest alliance certified, find out more at ra,org,",N/A
Pains au chocolat,Pasquier,379.0,7.2,17.0,14.0,0.82,50.0,3256540001008,"Farine de BLÃ‰ 42%, BEURRE, Chocolat 12% (sucre, pÃ¢te de cacao, beurre de cacao 2,9%, Ã©mulsifiant : lÃ©cithines (SOJA)), Eau, Sucre, Levain 6% (farine de BLÃ‰ 3%, eau, sel), Huile de colza, Levure, Ã‰mulsifiants : mono et diglycÃ©rides d'acides gras, sel, GLUTEN de BLÃ‰, fibres d'agrumes, Ã©paississant: gomme guar, ProtÃ©ines de BLÃ‰, Extrait de carotte, Agent de traitement de la farine : acide ascorbique, ProtÃ©ines de LAIT.",N/A
Confetteria Raffaello fergulf,Ferrero,627.0,7.4,48.3,33.6,0.28,38.6,4008400183022,"desiccated coconut 25,5%, vegetable fats (palm, shea), sugar, almond (8%), skimmed milk powder, whey powder (milk), wheat flour, tapioca starch, flavourings, emulsifier: lecithins (soya), raising agent (sodium bicarbonate), salt,",N/A
Peanut Delight,Nakd,442.0,12.0,23.0,35.0,0.58,42.0,5060088705179,"Dates 53%, Peanuts 46%, Sea salt, natural flavoring",N/A
Oven Baked Sweet Potato Fries,Strong Roots,154.0,2.1,6.2,13.0,0.00055,21.0,5391528180073,"Sweet Potato (90%), Vegetable Oil (Rapeseed Oil and/or Sunflower Oil in varying proportions), Potato Starch, Rice Flour, Pea Flour, Maize Starch, Rice Starch, Salt.",N/A
Tosta Rica,CuÃ©tara,463.0,7.5,15.0,20.0,0.68,73.0,8434165483965,"wheat flour 68%, sugar, sunflower oil alt oleic acid 14%, glucose syrup and fructose, whey powder, emulsifier (lecithin), salt, gasÃ­ficantes (sodium carbonate, ammonium carbonate), colouring agent: e150d (contains sulphites), flavourings (contains milk), vitamins (a, thiamine (b1), riboflavin (b2), niacin (b3), b6, d), minerals (elemental iron, calcium carbonate), agent flour treatment (sodium metabisulphite),",N/A
McVities Rich Tea Biscuits,McVitie's,460.0,7.2,15.7,18.6,0.7975,71.1,5000168001210,"â€“ (With calcium, Iron, Niacin, Thiamin), Sugar, Vegetable oil (Sunflower), Glucose-fructose syrup, â€“, Raising agents (Sodium bicarbonate, Ammonium bicarbonate), Salt",N/A
Chocolate negro 0% azÃºcares aÃ±adidos 85% cacao,Hacendado,571.0,11.0,49.0,1.0,0.0,22.0,8480000125248,"Pasta de cacao, manteca de cacao, edulcorante (maltitol), cacao desgrasado en polvo, emulgente (lecitina de girasol), aroma natural de vainilla, edulcorante (glucÃ³sidos de esteviol).",N/A
Queso blanco light cheese,Hacendado,130.0,9.0,8.3,4.8,0.0019,4.8,8480000512239,"pasteurized cow's milk, pasteurized skimmed cow milk, salt, stabilizer (garrofin gum, sodium and carrageenan alqinate), preservative (potassium sorbate) and lactic ferments,",N/A
"BN - Strawberry Cookies, 285g (10oz)",BN,398.0,5.3,8.4,32.0,0.48,75.0,3061990143372,"cereals (wheat flour (32%) - wholemeal wheat flour (15%), wholemeal rye flour, wholemeal barley flour)- glucose-fruciose syrup - sugar-vegetable fat (palm) - stabiliser: glycerol â€“ glucose syrup - concentrated strawberry puree (strawberry equivalent 2%) - starch - raising agents: ammonium bicarbonate, sodium bicarbonate - salt - dried skimmed milk - acids: citric acid, trisodium citrate - colour: beetroot red-gelling agent: pectin-flavouring - milk solids, may contain traces of nuts and soya,",N/A
itri choco,Excelo,449.0,7.0,21.0,35.0,2.0,70.0,6111259341692,"Farine de blÃ©, sucre, graisse vÃ©gÃ©tale hydrogÃ©nÃ©e, rÃ©gulateur d'aciditÃ© (acide citrique (E330), acide tartrique (E334)), cacao en poudre, lait en poudre, poudre Ã  lever (carbonate d'ammonium et de sodium), Ã©mulsifiant vÃ©gÃ©tal (lÃ©cithine de soja (E322)), sel",N/A
Bonne Maman Hazelnut Chocolate Spread,Bonne Maman,551.0,6.7,34.0,51.0,0.1,53.0,3608580118886,"sugar, _hazelnuts_ 20%, vegetable oils (sunflower, rapeseed), skimmed _milk_ powder, fat reduced cocoa powder 5.5%, cocoa butter, emulsifier: sunflower lecithin, vanilla extract.",N/A
all butter shortbread fingers,Tower Gate,514.0,6.29,27.4,13.7,0.686,59.4,20114329,"Wheat Flour (Wheat Flour, Calcium Carbonate, Iron, Niacin, Thiamin), 32% Butter (Milk), Sugar, Salt. L,DL Allergy Advice For allergens, including Cereals containing Gluten, see ingredients in bole May also contain Nuts. Typical valu Energy Fat of which s Carbohyd",N/A
M&M's CacahuÃ¨tes - Pack familial,"M&M's, Mars",524.0,9.8,26.0,53.0,0.11,59.0,5000159492966,"sucre, _cacahuÃ¨tes_, pÃ¢te de cacao, _lait_ entier en poudre, beurre de cacao, amidon, matiÃ¨re grasse de palme, sirop de glucose, _lait_ Ã©crÃ©mÃ© en poudre, Ã©mulsifiant (lÃ©cithine de _soja_), _lactose_, stabilisant (gomme arabique), matiÃ¨re grasse de karitÃ©, matiÃ¨re grasse du _lait_, dextrine, agent d'enrobage (cire de carnauba), colorants (E100, E120, E133, E160a, E160e, E170), huile de palme, arÃ´mes, sel.",N/A
Hazelnut Butter Dark Chocolate,Hu,611.0,9.4,47.0,26.0,0.1,33.0,1230000097048,"Organic cocoa mass, organic unrefined coconut sugar, organic _hazelnut_ paste (19%), organic cocoa butter.",N/A
Brioche tranchÃ©e,MaÃ®tre Jean Pierre,357.0,7.3,12.4,10.1,1.03,53.2,20840273,"Farine de _blÃ©_ 56%, sucre, _Å“ufs_ frais 9,7%, huile de colza, eau, _beurre_ concentrÃ©, levure, rhum, sel, Ã©mulsifiant (mono et diglycÃ©rides d'acides gras), gluten de _blÃ©_, extrait de carotte, arÃ´me naturel, arÃ´me naturel de vanille (alcool)",N/A
Sirop d'agave,"Carrefour BIO, Carrefour",300.0,0.0,0.0,75.0,0.03,75.0,3560070740338,Sirop d'agave concentrÃ© issu de l'agriculture biologique.,N/A
Berry Delight Bars,Nakd,380.0,6.7,12.0,48.0,0.02,57.0,5060088705148,"dates 49%, _cashews_ 31%, raisins 17%, raspberry 3%, natural aroma,",N/A
Organic Sesame Biscuits,"Biscuiterie De L'Abbaye, Lidl, Sondey",481.0,9.6,21.0,20.0,0.5,61.0,20842499,"Farine de blÃ©Â¹ 46%, sucre roux de canneÂ¹, farine complÃ¨te de blÃ©Â¹ 15%, graines de sÃ©sameÂ¹ 13%, huile de tournesolÂ¹, sel marin, poudres Ã  lever: carbonates d'ammonium - carbonates de sodium, extrait de vanilleÂ¹, poudre de lait Ã©crÃ©mÃ©Â¹. Â¹issus de l'agriculture biologique. Traces Ã©ventuelles d'Å“ufs, de soja et de fruits Ã  coque.",N/A
Bono,Excelo,522.0,10.0,31.27,35.5,0.14,53.68,6111259343993,"Palm oils & fats, Sugar, Soft wheat flour, Cocoa powder (7.16%), Skimmed milk powder, Whey powder, Sweetenger : dextrose, Baking powders : Sodium bicarbonate, Native corn starch, Emulsifier (soy lecithin E322, polycinoleate polyglycerol E476), Salt, Hazelnut paste, Flavors. Contains : wheat containing gluten, Milk, Nuts (hazelnuts) and Soya, May contain traces of eggs and peanuts",N/A
Eyoo choc,Excelo,494.0,6.5,20.0,33.0,0.29,72.0,6111259341661,"Sucre, Farine de blÃ© tendre, Huile & Graisse vÃ©gÃ©tale (palme), Poudre de cacao (9.2%), Sirop de glucose, Poudre de LactosÃ©rum, Poudres Ã  lever: (bicarbonate de sodium et bicarbonate d'ammonium), Amidon de maÃ¯s natif, Emulsifiant (lÃ©cithine de soja E322), Sel, ArÃ´me vaniline.",N/A
Tobigo,N/A,450.72,6.37,19.2,31.58,0.58,63.11,6111262384945,"BISCUIT FOURRÃ‰ A LA CRÃˆME AU CHOCOLAT: IngrÃ©dlents : Farine de bl6, sucre, gralsses vÃ©gÃ©tales, poudre de cacao, sirop de glucose-fructose, lactosÃ©rum, lalt en poudre, poudre Ã  lever(bicarbonate d'ammonium, bicarbonate de sodium), sel, Ã©mulsifiant (lÃ©clthlne de soja), arÃ´mes.Peut contenir des traces d'ouf.
G SANDWICH BISCUIT WITH CHOCOLATE CREAM: Ingredlents: Wheat flour, sugar, vegetable",N/A
Top Original,Be,469.6,4.51,23.7,28.72,0.355,59.44,6111259347113,N/A,N/A
"Delacre - Delichoc Milk Chocolate Cookies, 150g (5.3oz)",Delacre,476.0,5.2,18.1,47.9,0.31,72.2,3116430216342,"milk chocolate 38% (sugar, cocoa butter, cocoa mass, skimmed milk powder, pastry butter, emulsifier: soy lecithin, flavour) - wheat flour - sugar - vegetable fat (palm, rapeseed) - salt - lactose and milk proteins - emulsifier: soy lecithin - baking powders: sodium carbonates, ammonium carbonates - flavouring, may contain hazelnuts, other nuts and eggs,",N/A
Breaksta,Tiffany,523.0,7.69,30.8,46.2,0.135,61.5,6291003087158,"Sugar, Cocoa Ingredients (Cocoa Mass/Cocoa Butter/Cocoa Powder), Cow's Milk Ingredients (Dried Whole Milk/Skim Milk/Milk Fat/Whey/Lactose), Non Hydrogenated and Fully Hydrogenated Vegetable Oils (Coconut Fruit /Palm Fruit/ Shea Fruit), Wheat Flour, Dried Glucose Syrup, Emulsifiers from Plant Origin (Sunflower/Soy Lecithin/Castor Oil PGPR), Raising Agent (Sodium Bicarbonate), Salt, Artificial Flavor (Vanillin). Milk Chocolate Contains Milk Solids 14% min. and Cocoa Solids 25% min. Allergen Information: Product Contains Milk, Gluten and Soy. May Contain Traces of Peanut and Tree Nuts.",N/A
Cherry Bakewell Oat Boosts,Graze,437.0,6.33,22.3,12.7,0.2,62.0,5055958705342,"oats (41%), chicory root fibre, vegetable oils (rapeseed, palm**), golden syrup, liquid sugar, dried cranberries (sugar, cranberries, sunflower oil), humectant: glycerine, flaked almonds (2.3%), palm fat, soluble corn fibre, apple juice infused dried sour cherries (1%) (sour cherries [48%), apple juice concentrate, rice flour, lemon juice concentrate, sunflower oil), soya flour, cherry juice powder, demerara sugar, potato starch, sea salt, emulsifier: soy lecithin, citrus fibre, natural flavouring, stabiliser: xanthan gum, molasses.",N/A
N/A,Snickers,490.0,,24.0,50.0,1.3,,5000159559003,N/A,N/A
PÃ¢te Ã  tartiner aux noisettes,Mejora,514.0,3.0,28.0,61.0,0.28,62.0,6111017045961,"Sucre, graisse et huile vÃ©gÃ©tale, lactosÃ©rum en poudre, poudre de cacao, noisettes, emulsifiant : lÃ©cithine de soja, arÃ´me artificiel. Contient lait, soja et fruits Ã  coques.",N/A
Biscoff Crunchy PÃ¢te Ã€ Tartiner,Lotus,571.0,3.2,35.7,36.2,0.6,58.8,5410126726947,"Speculoos 65% (farine de blÃ©, sucre, huiles vÃ©gÃ©tales (palme, colza), sirop de sucre candi, poudre Ã  lever (carbonate acide de sodium), farine de soja, sel, cannelle), huile de colza, sucre, Ã©mulsifiant (lÃ©cithines (soja)), acidifiant (acide citrique)",N/A
Protein Peanut Butter Bar,N?kd,418.0,17.3,22.0,26.9,0.372,33.3,5060088700082,"Dates 39%, Peanuts 30%, Peanut butter 10%, Peanut flour 10%, Chicory fibre 10%, Sea salt, Natural flavouring.",N/A
Runny Honey,Sainsbury's,329.0,0.0,0.5,80.8,0.03,81.5,01789621,Pure Honey (100%).,N/A
Ugandan dark chocolate,"Sainsburys,Sainsbury's",650.0,9.0,56.5,10.5,0.000125,20.5,00392730,"Cocoa Mass*, Cocoa Butter*, Sugar, Cocoa Solids 90% minimum.",N/A
Dairy Milk,Cadbury,535.0,7.5,30.5,55.0,0.000625,55.0,7622201148782,"Milk**, sugar, cocoa butter, Cocoa mass, vegetable fats (palm, shea), emulsifiers (E442, E476), flavourings 

May contain nuts, wheat.

 **The equivalent of 426 ml of fresh liquid milk in every 227 g of milk chocolate. 

MILK SOLIDS 20% MINIMUM, ACTUAL 23 %. COCOA SOLIDS 20% MINIMUM CONTAINS VEGETABLE FATS IN ADDITION TO COCOA BUTTER",N/A
Shortbread All Butter Fingers,Sainsbury's,525.0,6.2,28.3,14.8,0.6,60.5,00019101,"Fortified British Wheat Flour (Wheat Flour, Calcium Carbonate, Niacin, Iron, Thiamin), Salted Butter (33%) (Butter (Cows' Milk), Salt), Sugar, Sea Salt, Raising Agent: Ammonium Bicarbonate.",N/A
Bonne Maman Strawberry And Wild Strawberry 370G,Bonne Maman,241.0,0.4,0.1,59.0,0.0,59.0,3045320094015,"fruits (strawberries 40%, wild strawberries 7%), sugar, brown cane sugar, concentrated lemon juice, gelling agent: fruit pectins.",N/A
ĞšÑ€Ğ°Ğ²Ğµ Ğ¼Ğ°ÑĞ»Ğ¾ 82%,Pilos,747.0,0.5,82.5,0.6,0.02,0.6,4056489108375,Ğ¼Ğ°ÑĞ»Ğ¾,N/A
Grany Noisettes 5 cÃ©rÃ©ales,LU,457.0,6.73,21.6,18.3,0.577,57.7,3392460481671,"CÃ©rÃ©ales 39 % (flocons d'avoine 12 %, mais 9,5 %, farine de riz 7,8 %, farine de blÃ© 4,8 %, flocons de seigle maltÃ© 4,4 %, farine de blÃ© maltÃ© 0,5 %), sirop de glucose, noisettes 15 %, stabilisant (sorbitols), huiles vÃ©gÃ©tales (colza, palme), sucre, sel, gluten de blÃ©, dextrose, Ã©mulsifiant (lÃ©cithines de tournesol), arÃ´me (contient noisettes), extrait de malt d'orge, correcteur d'aciditÃ© (acide citrique),",N/A
Nutella B-ready,"Ferrero, Nutella b-ready",521.0,7.2,27.0,47.1,0.559,60.7,8000500217078,Waffel-SpezialitÃ¤t gefÃ¼llt mit Nuss-Nugat-Creme und Weizencrisp (2 %). 10 StÃ¼ck 220 ge 8 &quot;000500 217078,N/A
Tchico peanuts,RÃ©vey,574.0,5.04,41.0,,1.0,12.7,6111266750753,"Sucre, huile vÃ©gÃ©tale, cacahuÃ¨tes, sel, colorant caramel (E150a), Ã©mulsifiant (lÃ©cithine de soja E322)",N/A
Crunchy Nut Bars with Peanuts & Chocolate,Eat Natural,509.0,22.7,30.4,18.7,0.778,32.4,5013803991982,"_Peanuts_ 45%, glucose syrup, dark chocolate 11% (cocoa mass, sugar, dextrose, soya lecithin), _soya_ protein crispies (_soy_ protein isolate, tapioca starch, salt), shredded coconut 7%, honey 7%, crisped rice (rice, sugar), cocoa powder, salt.",N/A
200G CHOC LAIT COTE D OR,"CÃ´te dâ€™or, Mondelez",520.0,7.4,28.0,55.0,0.23,57.0,5410081200551,"Sucre, pÃ¢te de cacao, beurre de cacao, LAIT Ã©crÃ©mÃ© en poudre, lactosÃ©rum en poudre (de LAIT), BEURRE concentrÃ©, Ã©mulsifiant (lÃ©cithines de SOJA), arÃ´mes.",N/A
Gran Cereale Cioccolato,"Barilla, Mulino Bianco",457.0,9.0,19.0,29.0,0.315,59.0,8076809522533,"farina integrale di _frumento_ 31,4%, zucchero, fiocchi di avena 13,1%, _grano_ duro soffiato caramellato 12,9% (_grano_ duro 6,4%, zucchero, olio di semi dl girasole), olio di girasole, cioccolato fondente 10,6% (zucchero, pasta di cacao, burro di cacao, cacao magro, emulsionante: lecitina di soia), cacao magro 3,7%, nocciole tostate 2,5%, agenti lievitanti (carbonato acido d'ammonio, carbonato acido di sodio), sale marino, aromi, estratto naturale di oliva.",N/A
Raw Fruit & Nut Bars - Salted Caramel,nÄkd,367.0,6.5,11.5,52.0,0.45,56.6,5060088707975,"Dates 54%, Raisins 21%, _Cashews_ 12%, _Peanuts_ 12%, Sea Salt 0.4%, Natural Flavouring",N/A
Madagascan Dark Chocolate,Extra Special,590.0,8.5,44.0,28.5,0.05,34.5,5054781841210,"Cocoa Mass, Sugar, Cocoa Butter, Vanilla Extract.",N/A
10 Pains au lait au levain,"Marque RepÃ¨re, Ã‰pi d'Or",366.0,9.0,13.0,11.0,0.85,52.0,3564700019252,"Farine de blÃ© 55 %, Å“ufs frais 12,5 %, sucre, huile de colza, levain (eau, farine de blÃ© 2,6%, farine de seigle, levures), poudre de lait Ã©crÃ©mÃ© 2 % (Ã©quivalent Ã  20% de lait Ã©crÃ©mÃ© reconstituÃ©), beurre concentrÃ©, levure, sel, arÃ´me naturel de vanille (contient alcool), gluten de blÃ©, arÃ´me naturel, anti - oxydant: acide ascorbique, colorant: carotÃ©noÃ¯des, enzymes (dont blÃ©).",N/A
Peanut Butter Oat Bar,Deliciously Ella,460.0,10.1,23.6,21.2,0.47,49.9,5060482840759,"Gluten Free Oats (41%), Rice Syrup, Peanuts (15%), Coconut Oil, Coconut Sugar, Date Syrup, Peanut Butter (4%), Rapeseed Oil, Salt.",N/A
Black Forest cherry dark chocolate,Montezuma's,567.0,9.0,40.0,31.0,0.3,37.0,5060719920285,"Dark chocolate contains cocoa solids 70% min. Dark chocolate 96% (cocoa mass, sugar, cocoa butter, emulsifier: soya lecithin & vanilla extract), freeze dried cherries 4% & natural flavouring: cherry 

FOR ALLERGENS SEE INGREDIENTS IN BOLD VEGAN. MAY CONTAIN TRACES OF MILK, NUTS & PEANUTS FREE FROM: COLOURINGS, GLUTEN, GM & PRESERVATIVES MAY CONTAIN CHERRY STONE FRAGMENTS",N/A
Confiture Fraises,Bonne Maman,241.0,0.4,0.1,59.0,0.0,59.0,3045320001525,"Fraises, sucre, sucre roux de canne, jus de citrons concentrÃ©, gÃ©lifiant : pectine de fruits.",N/A
Yoyos Strawberry Multipack 5 x,BEAR,280.0,1.9,0.0,42.0,0.0,63.0,5060139430364,"apples, pears, strawberries, a little black carrot extract absolutely nothing else we bake 380g of apples, 205g of pears & 65g of strawberries per 100g of yoyos lear the same natural 1 pack sugars as an apple",N/A
Prince -  GoÃ»t Lait -  Choco Au BlÃ© Compet,LU,477.0,6.0,19.0,34.0,0.52,70.0,7622210450029,"CÃ©rÃ©ale 49,9 % (farine de BLÃ‰ 34,4%, farine de BLÃ‰ complÃ¨te 15,5 %), sucre, huiles vÃ©gÃ©tales (palme, colza), sirop de glucose, cacao maigre en poudre 2%, dextrose, permÃ©at de lactosÃ©rum (de LAIT) LAIT entier en poudre 0,8 %, amidon de BLÃ‰, poudres Ã  lever (carbonates d'ammonium, carbonates de sodium), Ã©mulsifiant (lÃ©cithines de SOJA), sel, LAIT Ã©crÃ©mÃ© en poudre, arÃ´mes, PEUT CONTENIR OEUF. Infor",N/A
Chocup milky,Excelo,,,,,,,6111259340886,"Sucre, Farine de blÃ© Graisse vÃ©gÃ©tale hydrogÃ©nÃ©e, Cacao en poudre, Lait en poudre, LactosÃ©rum, RÃ©gulateur d'aciditÃ© (Acide citrique (E330), Acide tartrique (E334)). Poudres Ã  lever: (Bicarbonate d'ammonium et de sodium), Emulsifiant VÃ©gÃ©tal (LÃ©cithine de soja (E322)), ArÃ´me vanille et Sel.",N/A
6111270961442,nooco,,,,,,,6111270961442,N/A,N/A
Miel de fleurs crÃ©meux,"Lidl, Maribel",302.0,0.4,0.1,75.1,0.01,75.1,20276515,Miel biologique.,N/A
,Lotus Bakeries,442.0,5.0,22.0,29.0,0.59,55.0,5410126832051,"soft wheat flour, sugar beads 21%, vegetable oils (palm, rapeseed), glucose-fructose syrup, fresh eggs 5%, yeast, emulsifier (mono - and fatty acid diglycerides, sodium stearoyl-lactylate, soy lecithin), salt, aroma,",N/A
Apple & Raisin Oat Bar,Deliciously Ella,426.0,5.6,17.4,29.0,0.29,59.3,5060482840209,"Gluten Free Oats (44%), Rice Syrup, Coconut Oil, Raisins (8%), Coconut Sugar, Rapeseed Oil, Dried Apple Pieces (5%), Cinnamon (Cassia).",N/A
N/A,La DÃ©licieuse,,,,,,,6111250471572,N/A,N/A
,VahinÃ©,259.0,0.0,,64.0,0.0,,3179140213964,"water, sugar, glucose syrup, flavourings, propylene glycol",N/A
Strawberry High Fruit Content Spread,St. Dalfour,202.0,0.0,0.4,47.0,0.03999999910593,50.0,5014271400426,"strawberries 51%, unsweetened fruit juice concentrates (grape, date), gelling agent : fruit pectin, lemon juice",N/A
Bournville Dark Chocolate bar,Cadbury,523.0,4.1,28.0,58.0,0.01,60.0,7622210249661,"sugar, cocoa butter, cocoa mass, palm oil, emulsifiers (soya lecithin, e476),skimmed milk powder",N/A
Sweet Chilli Rice Crackers 100G,Sweet Chilli,422.0,7.2,6.6,,,83.0,9417986941806,"fat rice (82%), rice bran oil (contains antioxidant: tocopherols), sugar (5,1%), salt, soy sauce powder (soy, rice, salt), milk powder, tomato powder, garlic powder, yeast extract, onion powder, acidity regulators (calcium lactate, sodium citrates, malic acid, citric acid), cpaprika powder (0,2%), vinegar flavour, flavour enhancers (Ä‘isodium inosinate, disodium guanylate), colour (paprika extract), contains: soy and milk,   of whi carbo of whi proter salt fibre gluten free , suitable for vegetarians, *referen",N/A
Chocolate Orange Milk,Terry's,524.0,5.8,29.0,59.0,0.27,59.0,3664346304863,"sugar, cocoa mass, cocoa butter, skimmed milk powder, whey powder (from milk), vegetable fats (palm, shea), milk fat, emulsifiers (soya lecithins, e476), orange oil, flavouring.",N/A
McVitie's Rich Tea Delights,McVitie's,452.0,7.2,15.8,12.8,0.67,66.6,5000168124643,"flour (wheat flour, calcium, iron, niacin, thiamin), sugar, vegetable oil (sunflower), glucose-fructose syrup, barley malt extract, emulsifiers (soya lecithin, e472e), raising agents (sodium bicarbonate, Ã¢mmoniu bicarbonate), salt. for allergens, including cereals containing gluten, see ingredients in bold. plea any ca co th to le en",N/A
230G VICHY MENTHE,Vichy,400.0,0.0,0.6,98.5,0.0,98.5,3664346306539,"Sucre, Agent d'enrobage (Sels de magnÃ©sium d'acides gras), Extraits des eaux de Vichy (0,3 %), ArÃ´me, Sirop de glucose,",N/A
Toast briochÃ©,"LU, Pelletier",436.0,14.0,8.6,10.0,1.09,74.0,3392460488809,"Farine de _blÃ©_ 86 %, sirop de glucose-fructose, levure, _beurre_ pÃ¢tissier 6,9 %, sel, _oeufs_ en poudre 0,5 % (Ã©quivalent _oeufs_ 2 %), Ã©mulsifiants (E471, E481), agent de traitement de la farine (acide ascorbique),",N/A
Bounty 2x,Mars,490.0,3.4,28.0,46.4,0.14,54.4,40111216,"sugar, desiccated coconut (21%), glucose syrup, cocoa butter, cocoa mass, skimmed  milk  powder, emulsifiers ( soya  lecithin, e471),  lactose ,  milk  fat, whey powder (from  milk ), humectant (glycerol), salt, natural vanilla extract,",N/A
Ferrero Rocher,Ferrero,603.0,8.2,42.7,39.9,0.153,44.4,8000500192801,"MILK chocolate 30% (sugar, cocoa butter, cocoa mass, skimmed MILK powder, concentrated BUTTER, emulsifier: lecithins (SOYA), vanillin), HAZELNUTS (28.5%), sugar, palm oil, WHEAT flour, whey powder (MILK), fat-reduced cocoa, emulsifier: lecithins (SOVA), raising agent (sodium bicarbonate), salt, vanillin.",N/A
SWEET,N/A,,,,,,,6111260420164,N/A,N/A
4 Raspberry & Honey Porridge Oat Bars,Stoats,429.0,8.1,20.0,13.0,0.05,50.0,5060183674011,"Wholegrain OATS (48%), rapeseed oil, soluble tapioca fibre, oligofructose, sultanas (sultanas, sunflower oil), golden syrup, unsalted butter (MILK), sunflower seeds, soft light brown sugar, pumpkin seeds, humectant: glycerol (rapeseed), freeze-dried raspberry pieces (1.3%), natural flavourings (MILK) and colour: plain caramel.",N/A
Nutella,Ferrero,539.0,6.3,30.9,56.3,0.107,57.5,8000500398418,"ello cicla! ba (cn) halia ingredients: sugar, palm oil, hazelnuts (13%), skimmed milk powder (8,7%), low-fat cocoa (7,4%), emulsifiers: lecithins (soy), vanillin, gluten-free nutritional values energy carbohydrates of which sugars proteins salt fats of which saturated fatty acids (g) (kj 2252",N/A
Noir 70 %,Biocoop,565.0,7.9,42.0,29.0,0.1,33.0,3760121219749,"PÃ¢te de cacao 30% (PÃ©rou), sucre de canne, beurre de cacao, poudre de cacao.",N/A
Biscuit chocolat noir,GerblÃ©,494.0,7.6,23.0,34.0,0.52,62.0,3175680012937,"Chocolat noir 48% (pÃ¢te de cacao', sucre, beurre de cacao', lactose, lait Ã©crÃ©mÃ© en poudre, matiÃ¨re grasse de lait anhydre, Ã©mulsifiant : lÃ©cithines, arÃ´me naturel de vanille), farine de blÃ© 34,2%, sucre de canne roux, huile de colza, beurre pÃ¢tissier, protÃ©ines de lait en poudre, lactosÃ©rum en poudre, sirop de glucose, magnÃ©sium, calcium, sel, blanc d'Å“uf en poudre, arÃ´me naturel de vanille, poudres Ã  lever (carbonates de sodium, carbonates d'ammonium, acide citrique), amidon de blÃ©, vitamines B9 et E.",N/A
Light & Mild Honey,Rowse,329.0,0.5,0.5,80.8,0.025,81.5,5011273044719,Honey,N/A
Nutella,"Ferrero,Nutella",539.0,6.3,30.9,56.3,0.1075,57.5,5020411121151,"Sugar, palm oil, _HAZELNUTS_ (13%), skimmed _milk_ powder (8.7%), fat-reduced cocoa (7.4%), emulsifier: lecithins (_SOYA_), vanillin.",N/A
Smooth almond butter,Meridian,650.0,25.0,56.0,4.0,0.0,6.5,5060132281796,Roasted Almonds (100%).,N/A
Chamallow,Haribo,333.0,3.5,0.5,68.0,0.02,80.0,3103220046159,"glucose syrup, sugar, water, humectant: sorbitol syrup, gelatin, dextrose, starch, fruit concentrates and plants: red beet, safflower, flavour",N/A
Shortbread fingers,Belmont Biscuits,514.09997558594,5.5999999046326,27.0,14.0,0.40999999642372,60.0,4088600107998,"wheat flour (wheat flour, calcium carbonate, iron, niacin, thiamin), butter 33% (milk), sugar, cornflour, salt,",N/A
Briochettes,Pasquier,359.0,7.9,13.0,11.0,1.0,54.0,3256549999870,"ble flour 41% - levaln 18% (ble flour 10%, water, salt) - sugar - fresh eggs 10% - rapeseed oil - pastry butter - yeast - salt-rum gluten ble - psyllium fibers - emulsifier: mono and diglycerides of fatty acids - carrot extract - natural flavor - flour processing agent: ascorbic acid - milk proteins,",N/A
Ugandan dark chocolate,Asda,614.0,10.0,51.0,15.0,,23.0,5057172578825,"Cocoa Mass*, Sugar, Cocoa Butter*. Cocoa solids* 85% minimum.",N/A
chocolat noir aux pÃ©pites,Carlotti,547.0,7.7,39.0,30.0,0.02,35.0,6111250477277,"PÃ¢te de cacao (51,3%), sucre, pÃ©pites de cacao caramÃ©lisÃ©s (10%) (pÃ©pites de cacao et sucre), beurre de cacao (7,2%), poudre de cacao dÃ©graissÃ© (6,75%), Ã©mulsifiant: lÃ©cithine de SOJA et arÃ´me.",N/A
Butterkekse,"Bahlsen,Leibniz",435.0,8.4,12.0,21.0,1.48,72.0,4017100370007,"WEIZENMEHL (70 %), Zucker, BUTTER (12 %), Invertzuckersirup, Backtriebmittel: Natriumcarbonate, Diphosphate; Molkenerzeugnis (MILCH), VOLLMILCHPULVER, Salz, Emulgator: Lecithine; SÃ¤uerungsmittel: CitronensÃ¤ure; Aromen (MILCH), HÃœHNERVOLLEIPULVER.",N/A
Sensations Thai Sweet Chilli Crisps,Walkers,489.0,6.6,26.0,3.9,0.5925,54.0,5000328192871,"Potatoes, Vegetable Oils (Sunflower. Rapeseed, in varying proportions), Seasoning (Sugar, Fructose, Buttermilk Powder (contains _Milk_) , Dried Soy Sauce (_Soya_ Beans, Wheat), Tomato Powder, Onion Powder, Hydrolysed Soya Protein, Flavourings, Garlic Powder, Dried Parsley, Chilli Powder, Potassium Chloride, Dried Red Peppers, Paprika Powder, Colour (Paprika Extract)), Salt, Firming Agent (Calcium Chloride).",N/A
Brunch bar choc chip,Cadbury,427.0,6.1,16.0,27.0,0.53,65.0,7622201824334,"oat flakes (25 %), sugar, glucose syrup, stabiliser (sorbitol), vegetable fats (palm, shea), wheat flour, invert sugar syrup, rice flour, cocoa butter, cocoa mass, honey (2 %), skimmed milk powder, wheat bran, whey powder (from milk), whole milk powder, humectant (glycerot), milk fat, barley malt extract, salt, emulsifiers (soya lecithins, e471, e476), molasses, flavourings, may contain peanuts, nuts,   egg,",N/A
All Butter Scottish Shortbread Fingers,Marks & Spencer,517.0,5.5,28.0,17.0,0.7,59.3,00672566,"wheatflour  contains  gluten   (with  wheatflour , calcium carbonate, iron, niacin, thiamin), unsalted  butter  ( milk ) (34%), caster sugar, icing sugar, cornflour, rice flour, salt, raising agent: sodium bicarbonate",N/A
Protein Peanut & Chocolate Bars,Nature Valley,489.0,25.6,28.3,17.2,0.925,27.5,8410076610355,"roasted  peanuts  (39%), chicory root extract, isolated  soy  protein, chocolate pieces (8%) (sugar, cocoa mass, cocoa butter, emulsifier ( soy  lecithin)), sugar, palm fat,  milk  proteins, fructose, glucose syrup, sunflower oil,  peanut  butter (2%), fat reduced cocoa powder, humectant (glycerol), tapioca starch, emulsifiers (sunflower lecithin,  soy  lecithin), salt, natural flavourings (contains  milk ), maltodextrin,",N/A
Malt Loaf (Lunchbox Sized),Soreen,307.0,8.0,1.67,19.0,0.492,63.3,5018735224924,"Fortified Wheat Flour (Wheat Flour, Calcium Carbonate, Iron, Niacin (B3), Thiamin (B1)), Water, Raisins (14%), Partially Inverted Sugar Syrup (Partially Inverted Sugar Syrup, Colour: E150c), Malted Barley Flour (5%), Barley Malt Extract (4.5%), Maize Starch, Rice Starch, Vegetable Fat (Rapeseed, Palm), Salt, Yeast, Preservative: Calcium",N/A
100% issu des fruits fraise,ANDROS,180.0,0.8,0.6,36.0,0.05,40.0,3608580105039,"Fraises, sucre extrait de pommes, sucre extrait de caroube, gÃ©lifiant : pectines de fruits, jus de citrons concentrÃ©, concentrÃ© de carotte.",N/A
Sweet Chilli Multigrain Snacks,Sun Bites,480.0,7.2,20.8,10.4,0.6,61.6,5000328154893,"whole grains (67%) (whole corn, whole  wheat , whole oat flour), sunflower oil, rice flour (14%), sugar, sun ripened sweet chilli flavour [natural flavouring, chilli, soy sauce powder (with  wheat ), fennel oil, star anise oil, ginger, paprika, dried onion, acid (citric acid), salt]",N/A
Wafers Bfb Hazelnut,Balconi,520.0,5.6,27.0,32.0,0.32,63.0,8001585008155,"Huile de coco, farine de BLÃ‰, sirop de glucose, sucre, NOISETTES (9%) dans le fourrage, cacao maigre en poudre, dextrose, LAIT Ã©crÃ©mÃ© en poudre, LACTOSÃ‰RUM en poudre, extrait de malt d'ORGE, Ã©mulsifiant: lÃ©cithines (SOJA), poudres Ã  lever: carbonates de sodium, diphosphates; sel, arÃ´mes.",N/A
Milka,Milka,542.0,4.6,33.0,53.0,0.33,56.0,7622210834386,"MILK CHOCOLATE (53%) Ingredients: SUGAR, COCOA BUTTER, SKIMMED MILK POWDER (FROM COW), COCOA MASS, WHEY POWDER (FROM MILK), MILK FAT, &quot;EMULSIFIER (SOYA LECITHIN), HAZELNUT PASTE, &quot;ARTIFICIAL VANILLIN FLAVOUR.MILK CHOCOLATE CONTAINS: COCOA SOLIDS 25 % MINIMUM. VANILLA FLAVOURED FILLING (32%) Ingredients: NON-HYDROGENATED VEGETABLE OIL (Palm Fruit), SUGAR, WHEY PERMEATE (FROM MILK), FULL CREAM MILK POWDER (FROM COW), *EMULSIFIER (SOYA LECITHIN), &quot;ARTIFICIAL VANILLIN FLAVOUR.CARAMEL FILLING 1596) Ingredients: GLUCOSE SYRUP, SUGAR, HYDROGENATED PALM KERNEL OIL, FULL CREAM MILK POWDER, SALT, *ARTIFICIAL VANILLIN FLAVOUR, &quot;EMULSIFIERS (SOYA LECITHIN), &quot;ACIDITY REGULATOR (SODIUM CARBONATE). &quot;Refers To FOOD GRADE ADDITIVE. CONTAINS: MILK, HAZELNUTS, SOYA.MAY CONTAIN: WHEAT, OTHER NUTS.",N/A
